MOUSE ID,MOUSE SEX,MOUSE WEIGHT,REPLICATE #,INFESTATION DATE,TICK TREATMENT,TOTAL TICKS ADDED,TICK SPECIES,TICK #,TICK DROP-OFF DATE,DAYS FEEDING (UNTIL DROP-OFF),TICK WEIGHT,DID NOT MOLT,TICK WEIGHT (ADULT)
R202,F,19.1,1,11/11/24,BLT,10,BLT,1,11/16/24,5,3.34,,1.25
R202,F,19.1,1,11/11/24,BLT,10,BLT,2,11/16/24,5,2.38,1,
R202,F,19.1,1,11/11/24,BLT,10,BLT,3,11/18/24,7,0.19,1,
R201,F,20.7,1,11/11/24,ADT,10,ADT,1,11/16/24,5,15.24,,2.78
R201,F,20.7,1,11/11/24,ADT,10,ADT,2,11/16/24,5,12.79,,2.96
R201,F,20.7,1,11/11/24,ADT,10,ADT,3,11/16/24,5,13.95,1,
R201,F,20.7,1,11/11/24,ADT,10,ADT,4,11/16/24,5,14.75,,2.87
R201,F,20.7,1,11/11/24,ADT,10,ADT,5,11/16/24,5,15.2,1,
R201,F,20.7,1,11/11/24,ADT,10,ADT,6,11/16/24,5,13.43,1,
R201,F,20.7,1,11/11/24,ADT,10,ADT,7,11/16/24,5,12.53,,2.53
R201,F,20.7,1,11/11/24,ADT,10,ADT,8,11/16/24,5,16.5,,3.74
R201,F,20.7,1,11/11/24,ADT,10,ADT,9,11/16/24,5,13.68,,3.42
R201,F,20.7,1,11/11/24,ADT,10,ADT,10,11/16/24,5,,1,
R233,F,27.9,1,11/11/24,GCT,10,GCT,1,11/18/24,7,21.97,,5.06
R233,F,27.9,1,11/11/24,GCT,10,GCT,2,11/18/24,7,19.17,,3.97
R233,F,27.9,1,11/11/24,GCT,10,GCT,3,11/18/24,7,18.31,,3.52
R233,F,27.9,1,11/11/24,GCT,10,GCT,4,11/18/24,7,19.93,,8.09
R233,F,27.9,1,11/11/24,GCT,10,GCT,5,11/18/24,7,21.32,,5.4
R233,F,27.9,1,11/11/24,GCT,10,GCT,6,11/18/24,7,21.65,,3.84
R233,F,27.9,1,11/11/24,GCT,10,GCT,7,11/18/24,7,18.56,,7.62
R233,F,27.9,1,11/11/24,GCT,10,GCT,8,11/18/24,7,18.99,,3.3
R233,F,27.9,1,11/11/24,GCT,10,GCT,9,11/18/24,7,20.5,,9.47
R219,F ,21.1,1,11/11/24,BLTxADT,10,BLT,1,11/16/24,5,1.92,,0.53
R219,F ,21.1,1,11/11/24,BLTxADT,10,BLT,2,11/16/24,5,0.21,,0.28
R219,F ,21.1,1,11/11/24,BLTxADT,10,ADT,1,11/16/24,5,17.99,,3.76
R219,F ,21.1,1,11/11/24,BLTxADT,10,ADT,2,11/16/24,5,13.81,,2.1
R219,F ,21.1,1,11/11/24,BLTxADT,10,ADT,3,11/16/24,5,16.13,,5.98
R219,F ,21.1,1,11/11/24,BLTxADT,10,ADT,4,11/16/24,5,10.56,,1.94
R219,F ,21.1,1,11/11/24,BLTxADT,10,ADT,5,11/16/24,5,17.69,,3.59
R221,F,42.9,1,11/11/24,BLTxGCT,10,BLT,1,11/16/24,5,3.72,,1.56
R221,F,42.9,1,11/11/24,BLTxGCT,10,BLT,2,11/18/24,7,0.25,1,
R221,F,42.9,1,11/11/24,BLTxGCT,10,BLT,3,11/18/24,7,0.67,1,
R221,F,42.9,1,11/11/24,BLTxGCT,10,GCT,1,11/18/24,7,21.97,,3.57
R221,F,42.9,1,11/11/24,BLTxGCT,10,GCT,2,11/18/24,7,16.56,,3.35
R221,F,42.9,1,11/11/24,BLTxGCT,10,GCT,3,11/18/24,7,21.46,1,
R221,F,42.9,1,11/11/24,BLTxGCT,10,GCT,4,11/18/24,7,19.68,,7.59
R221,F,42.9,1,11/11/24,BLTxGCT,10,GCT,5,11/18/24,7,20.96,,3.12
R203,F,22.1,1,11/11/24,ADTxGCT,11,ADT,1,11/16/24,5,12.57,,2.5
R203,F,22.1,1,11/11/24,ADTxGCT,11,ADT,2,11/16/24,5,16.26,,7.03
R203,F,22.1,1,11/11/24,ADTxGCT,11,ADT,3,11/16/24,5,14.03,1,
R203,F,22.1,1,11/11/24,ADTxGCT,11,ADT,4,11/16/24,5,17.96,,2.66
R203,F,22.1,1,11/11/24,ADTxGCT,11,ADT,5,11/16/24,5,13.78,,2.9
R203,F,22.1,1,11/11/24,ADTxGCT,11,ADT,6,11/16/24,5,14.37,,6.53
R203,F,22.1,1,11/11/24,ADTxGCT,11,GCT,1,11/18/24,7,19.72,,3.67
R203,F,22.1,1,11/11/24,ADTxGCT,11,GCT,2,11/18/24,7,14,,3.82
R203,F,22.1,1,11/11/24,ADTxGCT,11,GCT,3,11/18/24,7,17.53,,3.58
R203,F,22.1,1,11/11/24,ADTxGCT,11,GCT,4,11/18/24,7,24.2,1,
R203,F,22.1,1,11/11/24,ADTxGCT,11,GCT,5,11/18/24,7,18.19,,3.59
DB178,M,26.7,2,12/4/24,ADTxGCT,10,ADT,1,12/9/24,5,10.2,,1.85
DB178,M,26.7,2,12/4/24,ADTxGCT,10,ADT,2,12/9/24,5,16.7,1,
DB178,M,26.7,2,12/4/24,ADTxGCT,10,ADT,3,12/9/24,5,10.79,1,
DB178,M,26.7,2,12/4/24,ADTxGCT,10,ADT,4,12/9/24,5,17.87,,4.47
DB178,M,26.7,2,12/4/24,ADTxGCT,10,GCT,1,12/10/24,6,19.44,,3.67
DB178,M,26.7,2,12/4/24,ADTxGCT,10,GCT,2,12/10/24,6,22.02,,4.94
DB178,M,26.7,2,12/4/24,ADTxGCT,10,GCT,3,12/10/24,6,13.37,,2.52
DB178,M,26.7,2,12/4/24,ADTxGCT,10,GCT,4,12/10/24,6,11.48,,3.11
DB178,M,26.7,2,12/4/24,ADTxGCT,10,GCT,5,12/10/24,6,16.63,,2.4
DB233,M,24.3,2,12/4/24,ADT,10,ADT,1,12/9/24,5,14.23,,2.62
DB233,M,24.3,2,12/4/24,ADT,10,ADT,2,12/9/24,5,18.5,,4.77
DB233,M,24.3,2,12/4/24,ADT,10,ADT,3,12/9/24,5,15.12,,3.71
DB233,M,24.3,2,12/4/24,ADT,10,ADT,4,12/9/24,5,15.5,1,
DB233,M,24.3,2,12/4/24,ADT,10,ADT,5,12/9/24,5,13.39,,2.87
DB233,M,24.3,2,12/4/24,ADT,10,ADT,6,12/9/24,5,15.4,1,
DB233,M,24.3,2,12/4/24,ADT,10,ADT,7,12/9/24,5,19.99,,5.05
DB233,M,24.3,2,12/4/24,ADT,10,ADT,8,12/9/24,5,10.53,,2.29
DB233,M,24.3,2,12/4/24,ADT,10,ADT,9,12/9/24,5,12.26,,2.44
DB243,M,24.3,2,12/4/24,BLTxADT,10,ADT,1,12/9/24,5,3.28,1,
DB243,M,24.3,2,12/4/24,BLTxADT,10,ADT,2,12/9/24,5,17.53,,2.86
DB243,M,24.3,2,12/4/24,BLTxADT,10,ADT,3,12/9/24,5,9.06,1,
DB243,M,24.3,2,12/4/24,BLTxADT,10,ADT,4,12/9/24,5,16.44,,3.5
DB243,M,24.3,2,12/4/24,BLTxADT,10,ADT,5,12/9/24,5,11.75,1,
DB223,M,24.1,2,12/4/24,BLTxGCT,10,GCT,1,12/10/24,6,9.96,,2.13
DB223,M,24.1,2,12/4/24,BLTxGCT,10,GCT,2,12/10/24,6,5.7,,1.35
DB223,M,24.1,2,12/4/24,BLTxGCT,10,GCT,3,12/10/24,6,19.93,,4.03
DB223,M,24.1,2,12/4/24,BLTxGCT,10,GCT,4,12/10/24,6,22.05,,4.73
DB188,M,25.8,2,12/4/24,GCT,10,GCT,1,12/10/24,6,16.61,,1.81
DB188,M,25.8,2,12/4/24,GCT,10,GCT,2,12/10/24,6,22.72,,9.26
DB188,M,25.8,2,12/4/24,GCT,10,GCT,3,12/10/24,6,17.14,,3.38
DB188,M,25.8,2,12/4/24,GCT,10,GCT,4,12/10/24,6,17.39,,3.63
DB188,M,25.8,2,12/4/24,GCT,10,GCT,5,12/10/24,6,18.54,,3.08
DB188,M,25.8,2,12/4/24,GCT,10,GCT,6,12/10/24,6,15.3,,3.73
DB188,M,25.8,2,12/4/24,GCT,10,GCT,7,12/10/24,6,15.33,,3.14
DB188,M,25.8,2,12/4/24,GCT,10,GCT,8,12/10/24,6,20.71,,9
DB188,M,25.8,2,12/4/24,GCT,10,GCT,9,12/10/24,6,16.75,,4.15
DB188,M,25.8,2,12/4/24,GCT,10,GCT,10,12/10/24,6,10.52,,6.07
R261,F,15.8,3,1/24/25,BLT,10,BLT,1,1/30/25,6,2.44,,0.91
R261,F,15.8,3,1/24/25,BLT,10,BLT,2,1/30/25,6,3.96,,1.78
R261,F,15.8,3,1/24/25,BLT,10,BLT,3,1/30/25,6,2.8,,1.18
R261,F,15.8,3,1/24/25,BLT,10,BLT,4,1/30/25,6,2.43,,1.08
R261,F,15.8,3,1/24/25,BLT,10,BLT,5,1/30/25,6,4.76,,2.44
R261,F,15.8,3,1/24/25,BLT,10,BLT,6,1/30/25,6,2.26,1,
R261,F,15.8,3,1/24/25,BLT,10,BLT,7,1/30/25,6,4.8,,1.81
R261,F,15.8,3,1/24/25,BLT,10,BLT,8,1/30/25,6,4.33,,1.61
R261,F,15.8,3,1/24/25,BLT,10,BLT,9,1/30/25,6,2.75,,1.03
R229,F,19.1,3,1/24/25,BLTxADT,10,BLT,1,1/30/25,6,4.52,,1.98
R229,F,19.1,3,1/24/25,BLTxADT,10,BLT,2,1/30/25,6,4.76,,1.86
R229,F,19.1,3,1/24/25,BLTxADT,10,BLT,3,1/30/25,6,2.7,,1.03
R229,F,19.1,3,1/24/25,BLTxADT,10,BLT,4,1/30/25,6,4.5,1,
R229,F,19.1,3,1/24/25,BLTxADT,10,BLT,5,1/30/25,6,2.47,1,
R229,F,19.1,3,1/24/25,BLTxADT,10,ADT,1,1/30/25,6,11.01,1,
R229,F,19.1,3,1/24/25,BLTxADT,10,ADT,2,1/30/25,6,14.37,,6.6
R229,F,19.1,3,1/24/25,BLTxADT,10,ADT,3,1/30/25,6,10.58,,4.47
R229,F,19.1,3,1/24/25,BLTxADT,10,ADT,4,1/30/25,6,8.7,1,
R216,F,19.4,3,1/24/25,BLTxGCT,10,BLT,1,1/30/25,6,2.26,,1.1
R216,F,19.4,3,1/24/25,BLTxGCT,10,BLT,2,1/30/25,6,4.31,1,
R216,F,19.4,3,1/24/25,BLTxGCT,10,BLT,3,1/30/25,6,1.71,1,
R216,F,19.4,3,1/24/25,BLTxGCT,10,BLT,4,1/30/25,6,4.32,,1.7
R216,F,19.4,3,1/24/25,BLTxGCT,10,BLT,5,2/1/25,8,1.88,1,
R216,F,19.4,3,1/24/25,BLTxGCT,10,GCT,1,2/1/25,8,22.82,,10.01
R216,F,19.4,3,1/24/25,BLTxGCT,10,GCT,2,2/1/25,8,16.87,,7.61
R216,F,19.4,3,1/24/25,BLTxGCT,10,GCT,3,2/1/25,8,19.36,,8.55
R216,F,19.4,3,1/24/25,BLTxGCT,10,GCT,4,2/1/25,8,20.82,,10.13
R216,F,19.4,3,1/24/25,BLTxGCT,10,GCT,5,2/1/25,8,18.97,,10.05
R217,F,24.1,3,1/24/25,GCT,10,GCT,1,2/1/25,8,7.23,,3.11
R217,F,24.1,3,1/24/25,GCT,10,GCT,2,2/1/25,8,11.43,,5.33
R217,F,24.1,3,1/24/25,GCT,10,GCT,3,2/1/25,8,17.33,,8.53
R217,F,24.1,3,1/24/25,GCT,10,GCT,4,2/1/25,8,16.44,,5.25
R217,F,24.1,3,1/24/25,GCT,10,GCT,5,2/1/25,8,12.16,,5.43
R217,F,24.1,3,1/24/25,GCT,10,GCT,6,2/1/25,8,17.26,,7.37
R217,F,24.1,3,1/24/25,GCT,10,GCT,7,2/1/25,8,17.59,,7.76
R217,F,24.1,3,1/24/25,GCT,10,GCT,8,2/1/25,8,13.25,,5.7
R217,F,24.1,3,1/24/25,GCT,10,GCT,9,2/1/25,8,17.59,,8.6
R217,F,24.1,3,1/24/25,GCT,10,GCT,10,2/1/25,8,18.05,,8.02
R218,F,21.1,3,1/24/25,ADTxGCT,10,ADT,1,1/30/25,6,11.31,,4.45
R218,F,21.1,3,1/24/25,ADTxGCT,10,ADT,2,1/30/25,6,10.7,1,
R218,F,21.1,3,1/24/25,ADTxGCT,10,ADT,3,1/30/25,6,10.64,,3.63
R218,F,21.1,3,1/24/25,ADTxGCT,10,ADT,4,1/30/25,6,11.51,1,
R218,F,21.1,3,1/24/25,ADTxGCT,10,ADT,5,1/30/25,6,7.91,,3.67
R218,F,21.1,3,1/24/25,ADTxGCT,10,GCT,1,2/1/25,8,19.99,,8.78
R218,F,21.1,3,1/24/25,ADTxGCT,10,GCT,2,2/1/25,8,16.63,,7.56
R218,F,21.1,3,1/24/25,ADTxGCT,10,GCT,3,2/1/25,8,20.04,,9.35
R192,F,25.9,3,1/24/25,ADT,10,ADT,1,1/29/25,5,14.99,,6.56
R192,F,25.9,3,1/24/25,ADT,10,ADT,2,1/29/25,5,10.01,,4.52
R192,F,25.9,3,1/24/25,ADT,10,ADT,3,1/29/25,5,16.87,,7.29
R192,F,25.9,3,1/24/25,ADT,10,ADT,4,1/29/25,5,9.58,,4.39
R192,F,25.9,3,1/24/25,ADT,10,ADT,5,1/29/25,5,14.96,,6.45
R192,F,25.9,3,1/24/25,ADT,10,ADT,6,1/30/25,6,16.01,,6.51
R192,F,25.9,3,1/24/25,ADT,10,ADT,7,1/30/25,6,17.31,,7.86
R192,F,25.9,3,1/24/25,ADT,10,ADT,8,1/30/25,6,12.03,1,
R192,F,25.9,3,1/24/25,ADT,10,ADT,9,1/30/25,6,7.02,,2.76
DB299,M,24,4,2/21/25,BLT,10,BLT,1,2/25/25,4,2.67,1,
DB299,M,24,4,2/21/25,BLT,10,BLT,2,2/25/25,4,5.39,,2.18
DB299,M,24,4,2/21/25,BLT,10,BLT,3,2/25/25,4,5.28,,2.06
DB299,M,24,4,2/21/25,BLT,10,BLT,4,2/26/25,5,5.55,,2.17
DB299,M,24,4,2/21/25,BLT,10,BLT,5,2/26/25,5,4.91,,2.09
DB285,M,22.1,4,2/21/25,ADT,10,ADT,1,2/25/25,4,17.29,,7.2
DB285,M,22.1,4,2/21/25,ADT,10,ADT,2,2/25/25,4,15.76,1,
DB285,M,22.1,4,2/21/25,ADT,10,ADT,3,2/25/25,4,20.33,,7.43
DB285,M,22.1,4,2/21/25,ADT,10,ADT,4,2/25/25,4,15.48,,6.96
DB285,M,22.1,4,2/21/25,ADT,10,ADT,5,2/26/25,5,14.15,,4.53
DB285,M,22.1,4,2/21/25,ADT,10,ADT,6,2/26/25,5,19.3,,8.32
DB285,M,22.1,4,2/21/25,ADT,10,ADT,7,2/26/25,5,11.55,1,
DB285,M,22.1,4,2/21/25,ADT,10,ADT,8,2/26/25,5,16.21,1,
DB285,M,22.1,4,2/21/25,ADT,10,ADT,9,2/26/25,5,19.37,1,
DB285,M,22.1,4,2/21/25,ADT,10,ADT,10,2/26/25,5,17.93,1,
DB298,M,21.2,4,2/21/25,GCT,10,GCT,1,2/27/25,6,13.49,,6.02
DB298,M,21.2,4,2/21/25,GCT,10,GCT,2,2/27/25,6,19.42,,9.02
DB298,M,21.2,4,2/21/25,GCT,10,GCT,3,2/27/25,6,18.63,,9.07
DB298,M,21.2,4,2/21/25,GCT,10,GCT,4,2/27/25,6,20.83,,9.53
DB298,M,21.2,4,2/21/25,GCT,10,GCT,5,2/27/25,6,11.29,,5.12
DB298,M,21.2,4,2/21/25,GCT,10,GCT,6,2/27/25,6,12.48,,5.54
DB298,M,21.2,4,2/21/25,GCT,10,GCT,7,2/27/25,6,8.63,,4.06
DB298,M,21.2,4,2/21/25,GCT,10,GCT,8,2/27/25,6,19.9,,9.33
DB298,M,21.2,4,2/21/25,GCT,10,GCT,9,2/28/25,7,19.04,,9.06
DB293,M,19,4,2/21/25,BLTxADT,10,ADT,1,2/25/25,4,18.92,,8.2
DB293,M,19,4,2/21/25,BLTxADT,10,ADT,2,2/25/25,4,13.51,1,
DB293,M,19,4,2/21/25,BLTxADT,10,ADT,3,2/25/25,4,13.57,1,
DB293,M,19,4,2/21/25,BLTxADT,10,ADT,4,2/25/25,4,10.12,,4.39
DB293,M,19,4,2/21/25,BLTxADT,10,ADT,5,2/25/25,4,13.72,,6.6
DB293,M,19,4,2/21/25,BLTxADT,10,BLT,1,2/25/25,4,5.44,,1.94
DB293,M,19,4,2/21/25,BLTxADT,10,BLT,2,2/25/25,4,5.75,,2.28
DB293,M,19,4,2/21/25,BLTxADT,10,BLT,3,2/26/25,5,5.67,,2.25
DB293,M,19,4,2/21/25,BLTxADT,10,BLT,4,2/26/25,5,5.47,,1.84
DB293,M,19,4,2/21/25,BLTxADT,10,BLT,5,2/26/25,5,5.7,,2.16
DB291,M,19.5,4,2/21/25,BLTxGCT,10,BLT,1,2/25/25,4,2.77,,1.16
DB291,M,19.5,4,2/21/25,BLTxGCT,10,BLT,2,2/25/25,4,2.8,,1.08
DB291,M,19.5,4,2/21/25,BLTxGCT,10,BLT,3,2/26/25,5,5.13,1,
DB291,M,19.5,4,2/21/25,BLTxGCT,10,GCT,1,2/27/25,6,20.9,,9.97
DB291,M,19.5,4,2/21/25,BLTxGCT,10,GCT,2,2/27/25,6,20.38,,9.18
DB291,M,19.5,4,2/21/25,BLTxGCT,10,GCT,3,2/27/25,6,18.1,,8
DB291,M,19.5,4,2/21/25,BLTxGCT,10,GCT,4,2/27/25,6,17.99,,8.2
DB291,M,19.5,4,2/21/25,BLTxGCT,10,GCT,5,2/27/25,6,16.2,,7.53
DB292,M,19.8,4,2/21/25,ADTxGCT,10,ADT,1,2/26/25,5,12.76,,4
DB292,M,19.8,4,2/21/25,ADTxGCT,10,ADT,2,2/26/25,5,16.52,1,
DB292,M,19.8,4,2/21/25,ADTxGCT,10,ADT,3,2/26/25,5,15.58,,7.44
DB292,M,19.8,4,2/21/25,ADTxGCT,10,ADT,4,2/27/25,6,9.53,,4.27
DB292,M,19.8,4,2/21/25,ADTxGCT,10,GCT,1,2/27/25,6,22.47,,9.72
DB292,M,19.8,4,2/21/25,ADTxGCT,10,GCT,2,2/28/25,7,19.91,,9.53
DB292,M,19.8,4,2/21/25,ADTxGCT,10,GCT,3,2/28/25,7,21.59,,10.06
DB292,M,19.8,4,2/21/25,ADTxGCT,10,GCT,4,2/28/25,7,23.45,,11.07
DB292,M,19.8,4,2/21/25,ADTxGCT,10,GCT,5,2/28/25,7,13.95,,6.88
DB196,F,21.3,5,2/28/25,BLT,10,BLT,1,3/3/25,3,2.59,,0.84
DB196,F,21.3,5,2/28/25,BLT,10,BLT,2,3/4/25,4,2.75,,0.91
DB196,F,21.3,5,2/28/25,BLT,10,BLT,3,3/4/25,4,2.79,,1.07
DB196,F,21.3,5,2/28/25,BLT,10,BLT,4,3/4/25,4,4.98,,2.13
DB196,F,21.3,5,2/28/25,BLT,10,BLT,5,3/4/25,4,5.34,,2.05
DB196,F,21.3,5,2/28/25,BLT,10,BLT,6,3/4/25,4,4.24,,1.69
DB196,F,21.3,5,2/28/25,BLT,10,BLT,7,3/4/25,4,4.56,,1.68
DB196,F,21.3,5,2/28/25,BLT,10,BLT,8,3/4/25,4,4.93,,1.9
DB196,F,21.3,5,2/28/25,BLT,10,BLT,9,3/5/25,5,4.62,,2.04
R206,F,20.7,5,2/28/25,ADT,10,ADT,1,3/4/25,4,21.42,,9.55
R206,F,20.7,5,2/28/25,ADT,10,ADT,2,3/4/25,4,21.16,,9.91
R206,F,20.7,5,2/28/25,ADT,10,ADT,3,3/4/25,4,17.91,,5.48
R206,F,20.7,5,2/28/25,ADT,10,ADT,4,3/4/25,4,18.2,,8.11
R206,F,20.7,5,2/28/25,ADT,10,ADT,5,3/4/25,4,19.37,,8.26
R206,F,20.7,5,2/28/25,ADT,10,ADT,6,3/4/25,4,13.37,,4.98
R206,F,20.7,5,2/28/25,ADT,10,ADT,7,3/5/25,5,20.31,,9.31
R206,F,20.7,5,2/28/25,ADT,10,ADT,8,3/5/25,5,10.53,,2
R281,F,18.2,5,2/28/25,GCT,10,GCT,1,3/6/25,6,12.59,,5.65
R281,F,18.2,5,2/28/25,GCT,10,GCT,2,3/6/25,6,13.47,,5.96
R281,F,18.2,5,2/28/25,GCT,10,GCT,3,3/6/25,6,18.56,,7.98
R281,F,18.2,5,2/28/25,GCT,10,GCT,4,3/6/25,6,18.7,,7.94
R281,F,18.2,5,2/28/25,GCT,10,GCT,5,3/6/25,6,14.42,,6.2
R281,F,18.2,5,2/28/25,GCT,10,GCT,6,3/6/25,6,20.02,,8.72
R281,F,18.2,5,2/28/25,GCT,10,GCT,7,3/6/25,6,14.36,,5.87
R281,F,18.2,5,2/28/25,GCT,10,GCT,8,3/7/25,7,9.74,,4.39
R281,F,18.2,5,2/28/25,GCT,10,GCT,9,3/7/25,7,14.12,,6.2
R281,F,18.2,5,2/28/25,GCT,10,GCT,10,3/7/25,7,19.21,,8.79
R274,F,16.8,5,2/28/25,BLTxADT,10,ADT,1,3/3/25,3,20.15,,8.49
R274,F,16.8,5,2/28/25,BLTxADT,10,ADT,2,3/4/25,4,17.77,,8.13
R274,F,16.8,5,2/28/25,BLTxADT,10,ADT,3,3/4/25,4,9.76,,4.46
R274,F,16.8,5,2/28/25,BLTxADT,10,ADT,4,3/5/25,5,16.56,,2.53
R274,F,16.8,5,2/28/25,BLTxADT,10,ADT,5,3/5/25,5,16.73,,4
R274,F,16.8,5,2/28/25,BLTxADT,10,BLT,1,3/4/25,4,5.09,,1.85
R274,F,16.8,5,2/28/25,BLTxADT,10,BLT,2,3/4/25,4,2.74,,1.02
R274,F,16.8,5,2/28/25,BLTxADT,10,BLT,3,3/4/25,4,3.98,,1.49
R274,F,16.8,5,2/28/25,BLTxADT,10,BLT,4,3/5/25,5,4.58,,1.71
R279,F,20.1,5,2/28/25,BLTxGCT,10,BLT,1,3/4/25,4,2.65,,0.92
R279,F,20.1,5,2/28/25,BLTxGCT,10,BLT,2,3/5/25,5,5.27,,2.08
R279,F,20.1,5,2/28/25,BLTxGCT,10,BLT,3,3/5/25,5,2.45,,0.83
R279,F,20.1,5,2/28/25,BLTxGCT,10,GCT,1,3/6/25,6,25.19,,10.94
R279,F,20.1,5,2/28/25,BLTxGCT,10,GCT,2,3/7/25,7,12.54,,5.46
R279,F,20.1,5,2/28/25,BLTxGCT,10,GCT,3,3/7/25,7,19.25,,7.98
R279,F,20.1,5,2/28/25,BLTxGCT,10,GCT,4,3/7/25,7,22.79,,8.25
R279,F,20.1,5,2/28/25,BLTxGCT,10,GCT,5,3/7/25,7,23.4,,10.84
R290,F,21.5,5,2/28/25,ADTxGCT,10,ADT,1,3/4/25,4,19.22,,8.77
R290,F,21.5,5,2/28/25,ADTxGCT,10,ADT,2,3/4/25,4,14.15,,6.41
R290,F,21.5,5,2/28/25,ADTxGCT,10,ADT,3,3/4/25,4,18.59,,8.22
R290,F,21.5,5,2/28/25,ADTxGCT,10,GCT,1,3/6/25,6,27.02,,13.18
R290,F,21.5,5,2/28/25,ADTxGCT,10,GCT,2,3/6/25,6,15.07,,6.46
R290,F,21.5,5,2/28/25,ADTxGCT,10,GCT,3,3/6/25,6,21.87,,9.36
R290,F,21.5,5,2/28/25,ADTxGCT,10,GCT,4,3/6/25,6,19.07,,8.32
DB301,M,22.8,6,3/14/25,BLT,10,BLT,1,3/18/25,4,4.38,,1.87
DB301,M,22.8,6,3/14/25,BLT,10,BLT,2,3/18/25,4,5.42,,2.11
DB301,M,22.8,6,3/14/25,BLT,10,BLT,3,3/18/25,4,2.84,,1.19
DB301,M,22.8,6,3/14/25,BLT,10,BLT,4,3/18/25,4,2.8,1,
DB301,M,22.8,6,3/14/25,BLT,10,BLT,5,3/18/25,4,2.41,,1.14
DB301,M,22.8,6,3/14/25,BLT,10,BLT,6,3/18/25,4,5.82,,2.2
DB301,M,22.8,6,3/14/25,BLT,10,BLT,7,3/18/25,4,2.33,,0.97
DB301,M,22.8,6,3/14/25,BLT,10,BLT,8,3/19/25,5,5.25,,2.5
DB314,M,34.4,6,3/14/25,ADT,10,ADT,1,3/18/25,4,16.19,,7.19
DB314,M,34.4,6,3/14/25,ADT,10,ADT,2,3/18/25,4,14.45,,6.68
DB314,M,34.4,6,3/14/25,ADT,10,ADT,3,3/18/25,4,15.05,,7.12
DB314,M,34.4,6,3/14/25,ADT,10,ADT,4,3/18/25,4,16.46,,7.4
DB314,M,34.4,6,3/14/25,ADT,10,ADT,5,3/18/25,4,12.39,,5.63
DB314,M,34.4,6,3/14/25,ADT,10,ADT,6,3/18/25,4,18.03,,8.25
DB314,M,34.4,6,3/14/25,ADT,10,ADT,7,3/18/25,4,14.81,,6.63
DB314,M,34.4,6,3/14/25,ADT,10,ADT,8,3/19/25,5,19.67,,8.91
DB314,M,34.4,6,3/14/25,ADT,10,ADT,9,3/19/25,5,16.94,,7.81
DB314,M,34.4,6,3/14/25,ADT,10,ADT,10,3/19/25,5,15.13,,4.29
DB336,M,20.4,6,3/14/25,GCT,10,GCT,1,3/20/25,6,18.91,,9.56
DB336,M,20.4,6,3/14/25,GCT,10,GCT,2,3/20/25,6,13.13,,6.27
DB336,M,20.4,6,3/14/25,GCT,10,GCT,3,3/20/25,6,18,,8.39
DB336,M,20.4,6,3/14/25,GCT,10,GCT,4,3/20/25,6,11.43,,9.81
DB336,M,20.4,6,3/14/25,GCT,10,GCT,5,3/20/25,6,15.86,,7.2
DB336,M,20.4,6,3/14/25,GCT,10,GCT,6,3/20/25,6,21.71,,9.98
DB336,M,20.4,6,3/14/25,GCT,10,GCT,7,3/20/25,6,22.41,,10.11
DB336,M,20.4,6,3/14/25,GCT,10,GCT,8,3/20/25,6,18.74,,8.8
DB336,M,20.4,6,3/14/25,GCT,10,GCT,9,3/20/25,6,19.87,,9.05
DB336,M,20.4,6,3/14/25,GCT,10,GCT,10,3/20/25,6,19.89,,8.86
DB309,M,20.8,6,3/14/25,BLTxADT,11,BLT,1,3/18/25,4,2.88,,1.12
DB309,M,20.8,6,3/14/25,BLTxADT,11,BLT,2,3/18/25,4,4.93,,1.8
DB309,M,20.8,6,3/14/25,BLTxADT,11,BLT,3,3/19/25,5,2.41,1,
DB309,M,20.8,6,3/14/25,BLTxADT,11,BLT,4,3/19/25,5,4.89,,2.13
DB309,M,20.8,6,3/14/25,BLTxADT,11,BLT,5,3/19/25,5,2.42,,1.08
DB309,M,20.8,6,3/14/25,BLTxADT,11,BLT,6,3/19/25,5,4.74,,2
DB309,M,20.8,6,3/14/25,BLTxADT,11,ADT,1,3/19/25,5,11.69,,5.47
DB309,M,20.8,6,3/14/25,BLTxADT,11,ADT,2,3/18/25,4,9.12,,4.11
DB309,M,20.8,6,3/14/25,BLTxADT,11,ADT,3,3/19/25,5,14.03,,6.18
DB309,M,20.8,6,3/14/25,BLTxADT,11,ADT,4,3/19/25,5,17.1,,8.42
DB313,M,21.6,6,3/14/25,BLTxGCT,10,BLT,1,3/18/25,4,5.58,,2.16
DB313,M,21.6,6,3/14/25,BLTxGCT,10,BLT,2,3/18/25,4,2.64,,1.1
DB313,M,21.6,6,3/14/25,BLTxGCT,10,BLT,3,3/18/25,4,2.88,,1.08
DB313,M,21.6,6,3/14/25,BLTxGCT,10,BLT,4,3/19/25,5,4.68,,1.96
DB313,M,21.6,6,3/14/25,BLTxGCT,10,BLT,5,3/19/25,5,2.4,,1.04
DB313,M,21.6,6,3/14/25,BLTxGCT,10,GCT,1,3/20/25,6,14.8,,6.42
DB313,M,21.6,6,3/14/25,BLTxGCT,10,GCT,2,3/20/25,6,24.12,,10.78
DB313,M,21.6,6,3/14/25,BLTxGCT,10,GCT,3,3/20/25,6,22.75,,11.19
DB313,M,21.6,6,3/14/25,BLTxGCT,10,GCT,4,3/20/25,6,16.26,,8.2
DB313,M,21.6,6,3/14/25,BLTxGCT,10,GCT,5,3/20/25,6,17.2,,7.85
DB312,M,18.8,6,3/14/25,ADTxGCT,10,ADT,1,3/19/25,5,17.03,,7.93
DB312,M,18.8,6,3/14/25,ADTxGCT,10,ADT,2,3/19/25,5,15.1,,5.8
DB312,M,18.8,6,3/14/25,ADTxGCT,10,ADT,3,3/19/25,5,15.74,1,
DB312,M,18.8,6,3/14/25,ADTxGCT,10,ADT,4,3/19/25,5,12.85,,6.28
DB312,M,18.8,6,3/14/25,ADTxGCT,10,ADT,5,3/20/25,6,9.78,,4.39
DB312,M,18.8,6,3/14/25,ADTxGCT,10,GCT,1,3/20/25,6,27.62,,12.21
DB312,M,18.8,6,3/14/25,ADTxGCT,10,GCT,2,3/20/25,6,18.56,,8.79
DB312,M,18.8,6,3/14/25,ADTxGCT,10,GCT,3,3/20/25,6,17.8,,8.96
DB312,M,18.8,6,3/14/25,ADTxGCT,10,GCT,4,3/20/25,6,22.03,,9.81
DB312,M,18.8,6,3/14/25,ADTxGCT,10,GCT,5,3/20/25,6,22.61,,11.08
R300,F,18.8,7,3/21/25,BLT,10,BLT,1,3/24/25,3,2.92,,1.15
R300,F,18.8,7,3/21/25,BLT,10,BLT,2,3/25/25,4,4.47,,1.73
R300,F,18.8,7,3/21/25,BLT,10,BLT,3,3/25/25,4,5.62,,2.05
R300,F,18.8,7,3/21/25,BLT,10,BLT,4,3/25/25,4,4.86,,1.8
R300,F,18.8,7,3/21/25,BLT,10,BLT,5,3/25/25,4,3.21,1,
R293,F,18.6,7,3/21/25,ADT,10,ADT,1,3/25/25,4,12.72,,5.64
R293,F,18.6,7,3/21/25,ADT,10,ADT,2,3/25/25,4,11.47,,4.96
R293,F,18.6,7,3/21/25,ADT,10,ADT,3,3/25/25,4,15.73,,7.09
R293,F,18.6,7,3/21/25,ADT,10,ADT,4,3/25/25,4,10.53,,4.95
R293,F,18.6,7,3/21/25,ADT,10,ADT,5,3/25/25,4,13.15,,5.42
R293,F,18.6,7,3/21/25,ADT,10,ADT,6,3/25/25,4,16.31,,7.56
R293,F,18.6,7,3/21/25,ADT,10,ADT,7,3/25/25,4,14.4,,6.55
R293,F,18.6,7,3/21/25,ADT,10,ADT,8,3/26/25,5,17.99,,8.31
R293,F,18.6,7,3/21/25,ADT,10,ADT,9,3/26/25,5,13.33,,5.96
R293,F,18.6,7,3/21/25,ADT,10,ADT,10,3/26/25,5,11.22,,5.17
R299,F,19.6,7,3/21/25,GCT,10,GCT,1,3/27/25,6,13.66,,6.28
R299,F,19.6,7,3/21/25,GCT,10,GCT,2,3/27/25,6,16.92,,7.32
R299,F,19.6,7,3/21/25,GCT,10,GCT,3,3/27/25,6,15.14,,6.55
R299,F,19.6,7,3/21/25,GCT,10,GCT,4,3/27/25,6,21.56,,9.67
R299,F,19.6,7,3/21/25,GCT,10,GCT,5,3/27/25,6,16.85,,7.16
R299,F,19.6,7,3/21/25,GCT,10,GCT,6,3/27/25,6,15.81,,6.89
R299,F,19.6,7,3/21/25,GCT,10,GCT,7,3/28/25,7,16.42,,2.84
R299,F,19.6,7,3/21/25,GCT,10,GCT,8,3/28/25,7,26.39,,11.09
R299,F,19.6,7,3/21/25,GCT,10,GCT,9,3/28/25,7,19.46,,8.69
R299,F,19.6,7,3/21/25,GCT,10,GCT,10,3/28/25,7,15.78,,7.6
R301,F,20,7,3/21/25,BLTxADT,10,BLT,1,3/25/25,4,2.27,,0.97
R301,F,20,7,3/21/25,BLTxADT,10,BLT,2,3/25/25,4,2.38,1,
R301,F,20,7,3/21/25,BLTxADT,10,BLT,3,3/25/25,4,4.64,,1.93
R301,F,20,7,3/21/25,BLTxADT,10,ADT,1,3/25/25,4,14.4,,6.29
R301,F,20,7,3/21/25,BLTxADT,10,ADT,2,3/25/25,4,19.35,,8.56
R301,F,20,7,3/21/25,BLTxADT,10,ADT,3,3/25/25,4,18.84,,3.83
R301,F,20,7,3/21/25,BLTxADT,10,ADT,4,3/25/25,4,17.56,,7.78
R301,F,20,7,3/21/25,BLTxADT,10,ADT,5,3/26/25,5,14.45,,6.31
R275,F,18.6,7,3/21/25,BLTxGCT,10,BLT,1,3/24/25,3,2.6,1,
R275,F,18.6,7,3/21/25,BLTxGCT,10,BLT,2,3/25/25,4,5.37,,2.28
R275,F,18.6,7,3/21/25,BLTxGCT,10,BLT,3,3/25/25,4,4.9,,2.01
R275,F,18.6,7,3/21/25,BLTxGCT,10,BLT,4,3/25/25,4,5.89,,2.36
R275,F,18.6,7,3/21/25,BLTxGCT,10,GCT,1,3/27/25,6,16.86,,7.66
R275,F,18.6,7,3/21/25,BLTxGCT,10,GCT,2,3/27/25,6,21.23,,9.94
R275,F,18.6,7,3/21/25,BLTxGCT,10,GCT,3,3/28/25,7,22.69,,10.46
R275,F,18.6,7,3/21/25,BLTxGCT,10,GCT,4,3/28/25,7,16.93,,8.46
R298,F,19.9,7,3/21/25,ADTxGCT,10,ADT,1,3/25/25,4,18.41,,8.14
R298,F,19.9,7,3/21/25,ADTxGCT,10,ADT,2,3/25/25,4,13.24,,5.95
R298,F,19.9,7,3/21/25,ADTxGCT,10,ADT,3,3/25/25,4,16.41,,7.03
R298,F,19.9,7,3/21/25,ADTxGCT,10,ADT,4,3/25/25,4,15.17,,6.81
R298,F,19.9,7,3/21/25,ADTxGCT,10,ADT,5,3/26/25,5,15.15,1,
R298,F,19.9,7,3/21/25,ADTxGCT,10,GCT,1,3/27/25,6,21.75,,10.6
R298,F,19.9,7,3/21/25,ADTxGCT,10,GCT,2,3/27/25,6,21.42,,9.46
R298,F,19.9,7,3/21/25,ADTxGCT,10,GCT,3,3/28/25,7,23.29,,10.01
R298,F,19.9,7,3/21/25,ADTxGCT,10,GCT,4,3/28/25,7,21.09,,9.82
R298,F,19.9,7,3/21/25,ADTxGCT,10,GCT,5,3/28/25,7,17.44,,7.5
DB331,M,23.9,8,3/28/25,BLT,10,BLT,1,3/31/25,3,2.66,,1.07
DB331,M,23.9,8,3/28/25,BLT,10,BLT,2,4/1/25,4,2.42,,1.02
DB331,M,23.9,8,3/28/25,BLT,10,BLT,3,4/1/25,4,3.26,,1.19
DB331,M,23.9,8,3/28/25,BLT,10,BLT,4,4/2/25,5,5.44,,2.52
DB331,M,23.9,8,3/28/25,BLT,10,BLT,5,4/2/25,5,2.23,,1.08
DB331,M,23.9,8,3/28/25,BLT,10,BLT,6,4/2/25,5,4.9,,2.02
DB331,M,23.9,8,3/28/25,BLT,10,BLT,7,4/2/25,5,4.59,,2.3
DB331,M,23.9,8,3/28/25,BLT,10,BLT,8,4/2/25,5,2.87,,1.28
DB331,M,23.9,8,3/28/25,BLT,10,BLT,9,4/2/25,5,4.43,,1.95
DB329,M,20.2,8,3/28/25,ADT,10,ADT,1,4/1/25,4,17.21,,7.71
DB329,M,20.2,8,3/28/25,ADT,10,ADT,2,4/2/25,5,13.03,,5.68
DB329,M,20.2,8,3/28/25,ADT,10,ADT,3,4/2/25,5,16.36,,7.57
DB329,M,20.2,8,3/28/25,ADT,10,ADT,4,4/2/25,5,16.84,1,
DB329,M,20.2,8,3/28/25,ADT,10,ADT,5,4/2/25,5,9.48,,9.06
DB329,M,20.2,8,3/28/25,ADT,10,ADT,6,4/2/25,5,8.1,,3.75
DB329,M,20.2,8,3/28/25,ADT,10,ADT,7,4/2/25,5,11.76,,4.88
DB329,M,20.2,8,3/28/25,ADT,10,ADT,8,4/2/25,5,18.51,1,
DB329,M,20.2,8,3/28/25,ADT,10,ADT,9,4/2/25,5,18.95,,8.39
DB329,M,20.2,8,3/28/25,ADT,10,ADT,10,4/2/25,5,18.44,1,
DB328,M,17.5,8,3/28/25,GCT,10,GCT,1,4/3/25,6,17.48,,9.57
DB328,M,17.5,8,3/28/25,GCT,10,GCT,2,4/3/25,6,16.47,,7.5
DB328,M,17.5,8,3/28/25,GCT,10,GCT,3,4/3/25,6,19.77,,8.99
DB328,M,17.5,8,3/28/25,GCT,10,GCT,4,4/3/25,6,12.75,,7.28
DB328,M,17.5,8,3/28/25,GCT,10,GCT,5,4/3/25,6,25.36,,11.17
DB328,M,17.5,8,3/28/25,GCT,10,GCT,6,4/3/25,6,22.66,,9.9
DB328,M,17.5,8,3/28/25,GCT,10,GCT,7,4/3/25,6,23.62,,10.66
DB328,M,17.5,8,3/28/25,GCT,10,GCT,8,4/4/25,7,15.28,,7.5
DB328,M,17.5,8,3/28/25,GCT,10,GCT,9,4/4/25,7,25.01,,11.32
DB328,M,17.5,8,3/28/25,GCT,10,GCT,10,4/4/25,7,19.76,,9.14
DB330,M,21.8,8,3/28/25,BLTxADT,10,BLT,1,4/2/25,5,2.53,,1.1
DB330,M,21.8,8,3/28/25,BLTxADT,10,BLT,2,4/2/25,5,2.52,,1.17
DB330,M,21.8,8,3/28/25,BLTxADT,10,BLT,3,4/2/25,5,4.79,,1.94
DB330,M,21.8,8,3/28/25,BLTxADT,10,ADT,1,4/2/25,5,19.5,,8.61
DB330,M,21.8,8,3/28/25,BLTxADT,10,ADT,2,4/2/25,5,17.96,,8.19
DB330,M,21.8,8,3/28/25,BLTxADT,10,ADT,3,4/2/25,5,23.47,,10.72
DB330,M,21.8,8,3/28/25,BLTxADT,10,ADT,4,4/2/25,5,13.81,1,
DB330,M,21.8,8,3/28/25,BLTxADT,10,ADT,5,4/3/25,6,16.98,,7.95
DB327,M,22.3,8,3/28/25,BLTxGCT,10,BLT,1,4/2/25,5,5.38,,2.33
DB327,M,22.3,8,3/28/25,BLTxGCT,10,BLT,2,4/4/25,7,2.95,1,
DB327,M,22.3,8,3/28/25,BLTxGCT,10,BLT,3,4/4/25,7,0.62,1,
DB327,M,22.3,8,3/28/25,BLTxGCT,10,BLT,4,4/4/25,7,0.88,1,
DB327,M,22.3,8,3/28/25,BLTxGCT,10,GCT,1,4/2/25,5,11.58,,9.9
DB327,M,22.3,8,3/28/25,BLTxGCT,10,GCT,2,4/4/25,7,18.49,,8.37
DB327,M,22.3,8,3/28/25,BLTxGCT,10,GCT,3,4/4/25,7,21.7,,9.75
DB327,M,22.3,8,3/28/25,BLTxGCT,10,GCT,4,4/4/25,7,26.84,,12.16
DB332,M,16,8,3/28/25,ADTxGCT,10,ADT,1,4/2/25,5,14.84,,7.21
DB332,M,16,8,3/28/25,ADTxGCT,10,ADT,2,4/2/25,5,18.82,,8.65
DB332,M,16,8,3/28/25,ADTxGCT,10,ADT,3,4/2/25,5,14,1,
DB332,M,16,8,3/28/25,ADTxGCT,10,ADT,4,4/3/25,6,8.25,,3.8
DB332,M,16,8,3/28/25,ADTxGCT,10,ADT,5,4/3/25,6,12.76,1,
DB332,M,16,8,3/28/25,ADTxGCT,10,GCT,1,4/3/25,6,22.39,,11.39
DB332,M,16,8,3/28/25,ADTxGCT,10,GCT,2,4/3/25,6,18.73,,9.89
DB332,M,16,8,3/28/25,ADTxGCT,10,GCT,3,4/4/25,7,23.48,,8.55
DB332,M,16,8,3/28/25,ADTxGCT,10,GCT,4,4/4/25,7,22.56,,10.76
DB332,M,16,8,3/28/25,ADTxGCT,10,GCT,5,4/4/25,7,23.79,,10.1
BK116,F,22.3,9,4/4/25,BLT,10,BLT,1,4/8/25,4,4.33,,1.99
BK116,F,22.3,9,4/4/25,BLT,10,BLT,2,4/8/25,4,5.29,,2.05
BK116,F,22.3,9,4/4/25,BLT,10,BLT,3,4/8/25,4,2.61,,1.1
BK116,F,22.3,9,4/4/25,BLT,10,BLT,4,4/8/25,4,2.39,,1.07
BK116,F,22.3,9,4/4/25,BLT,10,BLT,5,4/8/25,4,5.33,,2.1
BK116,F,22.3,9,4/4/25,BLT,10,BLT,6,4/8/25,4,4.74,,1.89
BK112,F,19.7,9,4/4/25,ADT,10,ADT,1,4/8/25,4,16.2,,7.45
BK112,F,19.7,9,4/4/25,ADT,10,ADT,2,4/9/25,5,18.19,,8.17
BK112,F,19.7,9,4/4/25,ADT,10,ADT,3,4/9/25,5,17.39,,6.31
BK112,F,19.7,9,4/4/25,ADT,10,ADT,4,4/9/25,5,18,,8.27
BK112,F,19.7,9,4/4/25,ADT,10,ADT,5,4/9/25,5,13.06,,5.88
BK112,F,19.7,9,4/4/25,ADT,10,ADT,6,4/9/25,5,16.53,,7.97
BK112,F,19.7,9,4/4/25,ADT,10,ADT,7,4/9/25,5,17.31,,7.93
BK112,F,19.7,9,4/4/25,ADT,10,ADT,8,4/9/25,5,13.51,,6.15
BK112,F,19.7,9,4/4/25,ADT,10,ADT,9,4/10/25,6,16.63,,7.78
BK114,F,18.6,9,4/4/25,GCT,10,GCT,1,4/10/25,6,12.04,,5.72
BK114,F,18.6,9,4/4/25,GCT,10,GCT,2,4/10/25,6,12.1,,7.21
BK114,F,18.6,9,4/4/25,GCT,10,GCT,3,4/10/25,6,23.11,,10.18
BK114,F,18.6,9,4/4/25,GCT,10,GCT,4,4/11/25,7,14.52,,7.2
BK114,F,18.6,9,4/4/25,GCT,10,GCT,5,4/11/25,7,23.62,,11.1
BK114,F,18.6,9,4/4/25,GCT,10,GCT,6,4/11/25,7,13.44,,6.26
BK114,F,18.6,9,4/4/25,GCT,10,GCT,7,4/11/25,7,12.63,,5.92
BK114,F,18.6,9,4/4/25,GCT,10,GCT,8,4/11/25,7,21.88,,9.78
BK114,F,18.6,9,4/4/25,GCT,10,GCT,9,4/11/25,7,24.21,,11.69
R283,F,19.3,9,4/4/25,BLTxADT,10,BLT,1,4/8/25,4,3.89,,1.81
R283,F,19.3,9,4/4/25,BLTxADT,10,BLT,2,4/11/25,7,5.16,,2.07
R283,F,19.3,9,4/4/25,BLTxADT,10,ADT,1,4/8/25,4,17.94,,8.19
R283,F,19.3,9,4/4/25,BLTxADT,10,ADT,2,4/8/25,4,9,,4.22
R283,F,19.3,9,4/4/25,BLTxADT,10,ADT,3,4/9/25,5,12.05,,5.4
R283,F,19.3,9,4/4/25,BLTxADT,10,ADT,4,4/9/25,5,12.02,,5.83
R283,F,19.3,9,4/4/25,BLTxADT,10,ADT,5,4/9/25,5,9.42,,4.43
BK115,F,20.8,9,4/4/25,BLTxGCT,11,BLT,1,4/7/25,3,4.95,,1.94
BK115,F,20.8,9,4/4/25,BLTxGCT,11,BLT,2,4/8/25,4,5.45,,2.44
BK115,F,20.8,9,4/4/25,BLTxGCT,11,BLT,3,4/9/25,5,4.51,,1.92
BK115,F,20.8,9,4/4/25,BLTxGCT,11,BLT,4,4/9/25,5,4.51,,2.08
BK115,F,20.8,9,4/4/25,BLTxGCT,11,GCT,1,4/8/25,4,9.76,1,
BK115,F,20.8,9,4/4/25,BLTxGCT,11,GCT,2,4/10/25,6,16.64,,8.31
BK115,F,20.8,9,4/4/25,BLTxGCT,11,GCT,3,4/10/25,6,23.32,,10.22
BK115,F,20.8,9,4/4/25,BLTxGCT,11,GCT,4,4/11/25,7,20.88,,9.78
BK115,F,20.8,9,4/4/25,BLTxGCT,11,GCT,5,4/11/25,7,18.47,,7.94
BK113,F,20,9,4/4/25,ADTxGCT,10,ADT,1,4/8/25,4,16.54,1,
BK113,F,20,9,4/4/25,ADTxGCT,10,ADT,2,4/8/25,4,10.12,,4.86
BK113,F,20,9,4/4/25,ADTxGCT,10,ADT,3,4/8/25,4,15.5,,7.5
BK113,F,20,9,4/4/25,ADTxGCT,10,ADT,4,4/8/25,4,9.15,,3.56
BK113,F,20,9,4/4/25,ADTxGCT,10,GCT,1,4/10/25,6,21.43,,9.66
BK113,F,20,9,4/4/25,ADTxGCT,10,GCT,2,4/10/25,6,12.92,,4.71
BK113,F,20,9,4/4/25,ADTxGCT,10,GCT,3,4/11/25,7,15.72,,7.71
BK113,F,20,9,4/4/25,ADTxGCT,10,GCT,4,4/11/25,7,20.18,,9.28
BK113,F,20,9,4/4/25,ADTxGCT,10,GCT,5,4/11/25,7,18.05,,8.34
DB335,M,19.3,10,4/4/25,BLT,10,BLT,1,4/7/25,3,3.1,,1.15
DB335,M,19.3,10,4/4/25,BLT,10,BLT,2,4/7/25,3,5.19,,2.01
DB335,M,19.3,10,4/4/25,BLT,10,BLT,3,4/7/25,3,2.84,,1.07
DB335,M,19.3,10,4/4/25,BLT,10,BLT,4,4/8/25,4,6.21,,2.33
DB335,M,19.3,10,4/4/25,BLT,10,BLT,5,4/8/25,4,3.19,,1.24
DB335,M,19.3,10,4/4/25,BLT,10,BLT,6,4/8/25,4,4.07,1,
DB335,M,19.3,10,4/4/25,BLT,10,BLT,7,4/10/25,6,0.31,1,
DB335,M,19.3,10,4/4/25,BLT,10,BLT,8,4/10/25,6,0.46,1,
DB335,M,19.3,10,4/4/25,BLT,10,BLT,9,4/10/25,6,0.47,1,
DB335,M,19.3,10,4/4/25,BLT,10,BLT,10,4/10/25,6,0.69,,0.42
DB316,M,17.2,10,4/4/25,ADT,10,ADT,1,4/8/25,4,12.04,1,
DB316,M,17.2,10,4/4/25,ADT,10,ADT,2,4/10/25,6,13.05,,9.01
DB316,M,17.2,10,4/4/25,ADT,10,ADT,3,4/9/25,5,13.75,,6.56
DB316,M,17.2,10,4/4/25,ADT,10,ADT,4,4/9/25,5,17.21,,7.72
DB316,M,17.2,10,4/4/25,ADT,10,ADT,5,4/9/25,5,16.57,,7.18
DB316,M,17.2,10,4/4/25,ADT,10,ADT,6,4/9/25,5,14.35,,6.28
DB316,M,17.2,10,4/4/25,ADT,10,ADT,7,4/9/25,5,16.91,,7.61
DB316,M,17.2,10,4/4/25,ADT,10,ADT,8,4/9/25,5,13.15,,5.95
DB316,M,17.2,10,4/4/25,ADT,10,ADT,9,4/9/25,5,11.73,1,
DB316,M,17.2,10,4/4/25,ADT,10,ADT,10,4/9/25,5,17.77,,9.9
DB305,M,15.8,10,4/4/25,GCT,10,GCT,1,4/10/25,6,11.8,,5.49
DB305,M,15.8,10,4/4/25,GCT,10,GCT,2,4/10/25,6,21.76,,9.74
DB305,M,15.8,10,4/4/25,GCT,10,GCT,3,4/10/25,6,19.58,,9.17
DB305,M,15.8,10,4/4/25,GCT,10,GCT,4,4/10/25,6,20.59,,13
DB305,M,15.8,10,4/4/25,GCT,10,GCT,5,4/10/25,6,17.71,,8.06
DB305,M,15.8,10,4/4/25,GCT,10,GCT,6,4/11/25,7,19.72,,9.21
DB305,M,15.8,10,4/4/25,GCT,10,GCT,7,4/11/25,7,16.27,,7.84
DB305,M,15.8,10,4/4/25,GCT,10,GCT,8,4/11/25,7,12.74,,5.92
DB305,M,15.8,10,4/4/25,GCT,10,GCT,9,4/11/25,7,19.83,,9.68
DB315,M,16.8,10,4/4/25,BLTxADT,10,ADT,1,4/8/25,4,20.07,,8.64
DB315,M,16.8,10,4/4/25,BLTxADT,10,ADT,2,4/8/25,4,16.83,,6.63
DB315,M,16.8,10,4/4/25,BLTxADT,10,ADT,3,4/8/25,4,17.69,,7.92
DB315,M,16.8,10,4/4/25,BLTxADT,10,ADT,4,4/8/25,4,19.89,,9.07
DB315,M,16.8,10,4/4/25,BLTxADT,10,ADT,5,4/9/25,5,13.85,,6.73
DB334,M,18.8,10,4/4/25,BLTxGCT,10,GCT,1,4/11/25,7,19.05,,8.44
DB334,M,18.8,10,4/4/25,BLTxGCT,10,GCT,2,4/11/25,7,24.18,,10.81
DB334,M,18.8,10,4/4/25,BLTxGCT,10,GCT,3,4/10/25,6,22.78,,11.17
DB334,M,18.8,10,4/4/25,BLTxGCT,10,GCT,4,4/10/25,6,20.68,,11.42
DB334,M,18.8,10,4/4/25,BLTxGCT,10,GCT,5,4/10/25,,14.39,,7.42
DB333,M,"16,3",10,4/4/25,ADTxGCT,11,ADT,1,4/8/25,4,16.53,1,
DB333,M,"16,3",10,4/4/25,ADTxGCT,11,ADT,2,4/9/25,5,10.84,,5.36
DB333,M,"16,3",10,4/4/25,ADTxGCT,11,ADT,3,4/9/25,5,10.62,,4.27
DB333,M,"16,3",10,4/4/25,ADTxGCT,11,ADT,4,4/9/25,5,8.47,,3.9
DB333,M,"16,3",10,4/4/25,ADTxGCT,11,ADT,5,4/10/25,6,23.11,,9.8
DB333,M,"16,3",10,4/4/25,ADTxGCT,11,GCT,1,4/11/25,7,21.1,,9.79
DB333,M,"16,3",10,4/4/25,ADTxGCT,11,GCT,2,4/11/25,7,22.73,,10.47
DB333,M,"16,3",10,4/4/25,ADTxGCT,11,GCT,3,4/11/25,7,21.49,,9.03
DB333,M,"16,3",10,4/4/25,ADTxGCT,11,GCT,4,4/10/25,6,22.41,,16.03
DB333,M,"16,3",10,4/4/25,ADTxGCT,11,GCT,5,4/10/25,6,23.72,,10.22
BK97,F,17.6,11,4/11/25,BLT,10,BLT,1,4/15/25,4,4.64,,1.86
BK97,F,17.6,11,4/11/25,BLT,10,BLT,2,4/15/25,4,2.62,,1.11
BK97,F,17.6,11,4/11/25,BLT,10,BLT,3,4/15/25,4,2.45,,0.93
BK97,F,17.6,11,4/11/25,BLT,10,BLT,4,4/15/25,4,5.17,,1.9
BK97,F,17.6,11,4/11/25,BLT,10,BLT,5,4/16/25,5,1.62,1,
BK97,F,17.6,11,4/11/25,BLT,10,BLT,6,4/16/25,5,4.59,,1.92
R294,F,19.7,11,4/11/25,ADT,10,ADT,1,4/15/25,4,14.97,,6.72
R294,F,19.7,11,4/11/25,ADT,10,ADT,2,4/15/25,4,12.43,,6
R294,F,19.7,11,4/11/25,ADT,10,ADT,3,4/15/25,4,18.66,,8.32
R294,F,19.7,11,4/11/25,ADT,10,ADT,4,4/15/25,4,15.36,,7.17
R294,F,19.7,11,4/11/25,ADT,10,ADT,5,4/16/25,5,9.49,,4.45
R294,F,19.7,11,4/11/25,ADT,10,ADT,6,4/16/25,5,10.77,,4.52
R294,F,19.7,11,4/11/25,ADT,10,ADT,7,4/16/25,5,10.3,,6.25
R294,F,19.7,11,4/11/25,ADT,10,ADT,8,4/16/25,5,14.16,,6.62
R294,F,19.7,11,4/11/25,ADT,10,ADT,9,4/16/25,5,10.9,,5.41
BK100,F,14.5,11,4/11/25,GCT,10,GCT,1,4/17/25,6,12.9,,5.99
BK100,F,14.5,11,4/11/25,GCT,10,GCT,2,4/17/25,6,5.81,,2.66
BK100,F,14.5,11,4/11/25,GCT,10,GCT,3,4/17/25,6,15.44,,7.71
BK100,F,14.5,11,4/11/25,GCT,10,GCT,4,4/17/25,6,9.81,,7.23
BK100,F,14.5,11,4/11/25,GCT,10,GCT,5,4/17/25,6,22.52,,10.72
BK100,F,14.5,11,4/11/25,GCT,10,GCT,6,4/18/25,7,16.69,,7.67
BK100,F,14.5,11,4/11/25,GCT,10,GCT,7,4/18/25,7,14.78,,7.29
BK100,F,14.5,11,4/11/25,GCT,10,GCT,8,4/18/25,7,22.18,,10.68
BK100,F,14.5,11,4/11/25,GCT,10,GCT,9,4/18/25,7,2.84,,11.06
BK100,F,14.5,11,4/11/25,GCT,10,GCT,10,4/18/25,7,20.18,,9.21
BK98,F,15.3,11,4/11/25,BLTxADT,10,BLT,1,4/14/25,3,2.56,,1.03
BK98,F,15.3,11,4/11/25,BLTxADT,10,BLT,2,4/14/25,3,2.06,1,
BK98,F,15.3,11,4/11/25,BLTxADT,10,BLT,3,4/16/25,5,1.69,1,
BK98,F,15.3,11,4/11/25,BLTxADT,10,BLT,4,4/16/25,5,4.35,1,
BK98,F,15.3,11,4/11/25,BLTxADT,10,ADT,1,4/16/25,5,12.23,,7.45
BK98,F,15.3,11,4/11/25,BLTxADT,10,ADT,2,4/16/25,5,15.74,,7.16
BK98,F,15.3,11,4/11/25,BLTxADT,10,ADT,3,4/16/25,5,22.49,,8.41
BK98,F,15.3,11,4/11/25,BLTxADT,10,ADT,4,4/16/25,5,15.37,,7.22
BK99,F,16.1,11,4/11/25,BLTxGCT,10,BLT,1,4/15/25,4,4.88,,2.6
BK99,F,16.1,11,4/11/25,BLTxGCT,10,BLT,2,4/15/25,4,2.57,,1.18
BK99,F,16.1,11,4/11/25,BLTxGCT,10,BLT,3,4/15/25,4,3.88,,1.97
BK99,F,16.1,11,4/11/25,BLTxGCT,10,BLT,4,4/15/25,4,3.8,1,
BK99,F,16.1,11,4/11/25,BLTxGCT,10,GCT,1,4/17/25,6,25.27,,11.75
BK99,F,16.1,11,4/11/25,BLTxGCT,10,GCT,2,4/17/25,6,25.13,,11.86
BK99,F,16.1,11,4/11/25,BLTxGCT,10,GCT,3,4/17/25,6,15.97,,7.56
BK99,F,16.1,11,4/11/25,BLTxGCT,10,GCT,4,4/18/25,7,25.09,,12.17
DB361,F,20.2,11,4/11/25,ADTxGCT,10,ADT,1,4/15/25,4,16.18,,12.23
DB361,F,20.2,11,4/11/25,ADTxGCT,10,ADT,2,4/15/25,4,10.44,,5.39
DB361,F,20.2,11,4/11/25,ADTxGCT,10,ADT,3,4/15/25,4,15.39,,7.12
DB361,F,20.2,11,4/11/25,ADTxGCT,10,ADT,4,4/16/25,5,20.89,,9.55
DB361,F,20.2,11,4/11/25,ADTxGCT,10,ADT,5,4/16/25,5,15.44,,7.2
DB361,F,20.2,11,4/11/25,ADTxGCT,10,GCT,1,4/17/25,6,19.42,,14.36
DB361,F,20.2,11,4/11/25,ADTxGCT,10,GCT,2,4/17/25,6,16.81,,8.15
DB361,F,20.2,11,4/11/25,ADTxGCT,10,GCT,3,4/17/25,6,18.94,,8.51
DB361,F,20.2,11,4/11/25,ADTxGCT,10,GCT,4,4/17/25,6,20.12,,8.87
DB361,F,20.2,11,4/11/25,ADTxGCT,10,GCT,5,4/17/25,6,19.2,,8.61
DB357,M,19.5,12,4/11/25,BLT,10,BLT,1,4/15/25,4,5.28,,2.09
DB357,M,19.5,12,4/11/25,BLT,10,BLT,2,4/15/25,4,2.97,1,
DB357,M,19.5,12,4/11/25,BLT,10,BLT,3,4/15/25,4,2.73,1,
DB357,M,19.5,12,4/11/25,BLT,10,BLT,4,4/15/25,4,3.02,,1.03
DB357,M,19.5,12,4/11/25,BLT,10,BLT,5,4/15/25,4,5.64,,2.15
DB357,M,19.5,12,4/11/25,BLT,10,BLT,6,4/16/25,5,4.96,,2.13
DB357,M,19.5,12,4/11/25,BLT,10,BLT,7,4/16/25,5,4.84,,2.25
DB339,M,26.1,12,4/11/25,ADT,10,ADT,1,4/15/25,4,15.78,,6.85
DB339,M,26.1,12,4/11/25,ADT,10,ADT,2,4/15/25,4,19.87,,8.17
DB339,M,26.1,12,4/11/25,ADT,10,ADT,3,4/15/25,4,15.67,,6.48
DB339,M,26.1,12,4/11/25,ADT,10,ADT,4,4/16/25,5,15.2,,7.35
DB339,M,26.1,12,4/11/25,ADT,10,ADT,5,4/16/25,5,11.44,,5.39
DB339,M,26.1,12,4/11/25,ADT,10,ADT,6,4/16/25,5,17.21,,6.39
DB339,M,26.1,12,4/11/25,ADT,10,ADT,7,4/16/25,5,13.28,,7.99
DB339,M,26.1,12,4/11/25,ADT,10,ADT,8,4/16/25,5,19.12,,8.23
DB339,M,26.1,12,4/11/25,ADT,10,ADT,9,4/16/25,5,17.59,,7.63
DB340,M,16,12,4/11/25,GCT,10,GCT,1,4/17/25,6,19.53,,9.31
DB340,M,16,12,4/11/25,GCT,10,GCT,2,4/17/25,6,20.64,,14.89
DB340,M,16,12,4/11/25,GCT,10,GCT,3,4/17/25,6,18.76,,8.47
DB340,M,16,12,4/11/25,GCT,10,GCT,4,4/17/25,6,18.22,,8.25
DB340,M,16,12,4/11/25,GCT,10,GCT,5,4/17/25,6,17.88,,8
DB340,M,16,12,4/11/25,GCT,10,GCT,6,4/17/25,6,21.26,,9.77
DB340,M,16,12,4/11/25,GCT,10,GCT,7,4/17/25,6,16.76,,7.58
DB340,M,16,12,4/11/25,GCT,10,GCT,8,4/18/25,7,21.93,,11.12
DB340,M,16,12,4/11/25,GCT,10,GCT,9,4/18/25,7,16.25,,7.69
DB340,M,16,12,4/11/25,GCT,10,GCT,10,4/18/25,7,24.22,,5.05
DB341,M,18,12,4/11/25,BLTxADT,10,BLT,1,4/14/25,3,4.47,1,
DB341,M,18,12,4/11/25,BLTxADT,10,BLT,2,4/16/25,5,4.62,,1.75
DB341,M,18,12,4/11/25,BLTxADT,10,ADT,1,4/16/25,5,14.99,,7.09
DB341,M,18,12,4/11/25,BLTxADT,10,ADT,2,4/16/25,5,21.06,,16.11
DB341,M,18,12,4/11/25,BLTxADT,10,ADT,3,4/16/25,5,14.2,1,
DB341,M,18,12,4/11/25,BLTxADT,10,ADT,4,4/16/25,5,18.78,,9.11
DB341,M,18,12,4/11/25,BLTxADT,10,ADT,5,4/16/25,5,12.33,,5.7
DB355,M,24,12,4/11/25,BLTxGCT,10,BLT,1,4/15/25,4,2.5,,0.87
DB355,M,24,12,4/11/25,BLTxGCT,10,BLT,2,4/15/25,4,2.24,,1.03
DB355,M,24,12,4/11/25,BLTxGCT,10,BLT,3,4/15/25,4,2.62,1,
DB355,M,24,12,4/11/25,BLTxGCT,10,BLT,4,4/17/25,6,5.83,,2.68
DB355,M,24,12,4/11/25,BLTxGCT,10,GCT,1,4/17/25,6,21.8,,10.03
DB355,M,24,12,4/11/25,BLTxGCT,10,GCT,2,4/17/25,6,17.66,,8.96
DB355,M,24,12,4/11/25,BLTxGCT,10,GCT,3,4/17/25,6,22.74,,11.01
DB355,M,24,12,4/11/25,BLTxGCT,10,GCT,4,4/18/25,7,27.33,,13.13
DB356,M,18.3,12,4/11/25,ADTxGCT,10,ADT,1,4/15/25,4,16.51,,7.44
DB356,M,18.3,12,4/11/25,ADTxGCT,10,ADT,2,4/17/25,6,18.21,,12.38
DB356,M,18.3,12,4/11/25,ADTxGCT,10,ADT,3,4/16/25,5,12.19,1,
DB356,M,18.3,12,4/11/25,ADTxGCT,10,ADT,4,4/16/25,5,19.01,,8.96
DB356,M,18.3,12,4/11/25,ADTxGCT,10,ADT,5,4/16/25,5,11.35,,5.29
DB356,M,18.3,12,4/11/25,ADTxGCT,10,GCT,1,4/17/25,6,17.72,,8.34
DB356,M,18.3,12,4/11/25,ADTxGCT,10,GCT,2,4/18/25,7,18.71,,8.64
DB356,M,18.3,12,4/11/25,ADTxGCT,10,GCT,3,4/18/25,7,28.59,1,
DB356,M,18.3,12,4/11/25,ADTxGCT,10,GCT,4,4/18/25,7,20.16,,9.58
DB356,M,18.3,12,4/11/25,ADTxGCT,10,GCT,5,4/18/25,7,18.56,,9.15
BK96,F,18.2,13,4/18/25,BLT,10,BLT,1,4/21/25,3,5.38,,2.01
BK96,F,18.2,13,4/18/25,BLT,10,BLT,2,4/21/25,3,2.56,,1.1
BK96,F,18.2,13,4/18/25,BLT,10,BLT,3,4/21/25,3,2.89,,1.25
BK96,F,18.2,13,4/18/25,BLT,10,BLT,4,4/22/25,4,2.93,,1.24
BK96,F,18.2,13,4/18/25,BLT,10,BLT,5,4/22/25,4,2.35,,1
BK96,F,18.2,13,4/18/25,BLT,10,BLT,6,4/22/25,4,2.15,,1.03
BK96,F,18.2,13,4/18/25,BLT,10,BLT,7,4/22/25,4,3.78,,1.77
BK96,F,18.2,13,4/18/25,BLT,10,BLT,8,4/22/25,4,4.73,,2.04
BK96,F,18.2,13,4/18/25,BLT,10,BLT,9,4/22/25,4,4.52,1,
BK96,F,18.2,13,4/18/25,BLT,10,BLT,10,4/22/25,4,2.02,,0.95
BK105,F,20.1,13,4/18/25,ADT,10,ADT,1,4/22/25,4,21.68,,10.28
BK105,F,20.1,13,4/18/25,ADT,10,ADT,2,4/22/25,4,14.3,,6.29
BK105,F,20.1,13,4/18/25,ADT,10,ADT,3,4/23/25,5,14.36,1,
BK105,F,20.1,13,4/18/25,ADT,10,ADT,4,4/23/25,5,18.94,,8.78
BK105,F,20.1,13,4/18/25,ADT,10,ADT,5,4/23/25,5,16.85,,7.69
BK105,F,20.1,13,4/18/25,ADT,10,ADT,6,4/23/25,5,20.73,,9.3
BK105,F,20.1,13,4/18/25,ADT,10,ADT,7,4/23/25,5,16.79,,8.62
BK105,F,20.1,13,4/18/25,ADT,10,ADT,8,4/23/25,5,13.84,,5.91
BK105,F,20.1,13,4/18/25,ADT,10,ADT,9,4/24/25,6,10.24,,3.99
BK105,F,20.1,13,4/18/25,ADT,10,ADT,10,4/24/25,6,12.27,,5.72
BK94,F,17.9,13,4/18/25,GCT,10,GCT,1,4/23/25,5,19.96,,9.52
BK94,F,17.9,13,4/18/25,GCT,10,GCT,2,4/24/25,6,11.86,,5.8
BK94,F,17.9,13,4/18/25,GCT,10,GCT,3,4/24/25,6,11.25,,5.44
BK94,F,17.9,13,4/18/25,GCT,10,GCT,4,4/24/25,6,19.83,,9.7
BK94,F,17.9,13,4/18/25,GCT,10,GCT,5,4/24/25,6,21.32,,9.97
BK94,F,17.9,13,4/18/25,GCT,10,GCT,6,4/24/25,6,18.41,,9.56
BK94,F,17.9,13,4/18/25,GCT,10,GCT,7,4/24/25,6,21.72,,10.46
BK94,F,17.9,13,4/18/25,GCT,10,GCT,8,4/24/25,6,17.9,,8.33
BK106,F,21.2,13,4/18/25,BLTxADT,10,BLT,1,4/22/25,4,5.15,,2.33
BK106,F,21.2,13,4/18/25,BLTxADT,10,BLT,2,4/22/25,4,1.9,,0.53
BK106,F,21.2,13,4/18/25,BLTxADT,10,BLT,3,4/22/25,4,5.57,,2.72
BK106,F,21.2,13,4/18/25,BLTxADT,10,BLT,4,4/22/25,4,2.41,,1.2
BK106,F,21.2,13,4/18/25,BLTxADT,10,BLT,5,4/23/25,5,4.16,,1.93
BK106,F,21.2,13,4/18/25,BLTxADT,10,ADT,1,4/22/25,4,17.42,,7.77
BK106,F,21.2,13,4/18/25,BLTxADT,10,ADT,2,4/23/25,5,16.15,,7.91
BK106,F,21.2,13,4/18/25,BLTxADT,10,ADT,3,4/23/25,5,17.01,,7.97
BK106,F,21.2,13,4/18/25,BLTxADT,10,ADT,4,4/23/25,5,18.75,,8.95
BK106,F,21.2,13,4/18/25,BLTxADT,10,ADT,5,4/23/25,5,15.28,,7.3
BK104,F,21.4,13,4/18/25,BLTxGCT,10,BLT,1,4/21/25,3,2.91,,1.08
BK104,F,21.4,13,4/18/25,BLTxGCT,10,BLT,2,4/22/25,4,4.78,1,
BK104,F,21.4,13,4/18/25,BLTxGCT,10,BLT,3,4/22/25,4,2.91,,1.18
BK104,F,21.4,13,4/18/25,BLTxGCT,10,GCT,1,4/25/25,7,18.63,,9.28
BK104,F,21.4,13,4/18/25,BLTxGCT,10,GCT,2,4/25/25,7,21.37,,10.14
BK104,F,21.4,13,4/18/25,BLTxGCT,10,GCT,3,4/25/25,7,21.04,,11.37
BK104,F,21.4,13,4/18/25,BLTxGCT,10,GCT,4,4/24/25,6,25.2,,13.68
BK104,F,21.4,13,4/18/25,BLTxGCT,10,GCT,5,4/24/25,6,21.94,,10.57
BK95,F,18.5,13,4/18/25,ADTxGCT,10,ADT,1,4/22/25,4,16.59,,7.15
BK95,F,18.5,13,4/18/25,ADTxGCT,10,ADT,2,4/23/25,5,15.78,,6.8
BK95,F,18.5,13,4/18/25,ADTxGCT,10,ADT,3,4/23/25,5,10.64,,5
BK95,F,18.5,13,4/18/25,ADTxGCT,10,ADT,4,4/23/25,5,15.02,,12.21
BK95,F,18.5,13,4/18/25,ADTxGCT,10,ADT,5,4/23/25,5,13.5,,6.43
BK95,F,18.5,13,4/18/25,ADTxGCT,10,GCT,1,4/25/25,7,25.27,,12.07
BK95,F,18.5,13,4/18/25,ADTxGCT,10,GCT,2,4/25/25,7,23.05,,13.41
BK95,F,18.5,13,4/18/25,ADTxGCT,10,GCT,3,4/24/25,6,21.17,,10.71
BK95,F,18.5,13,4/18/25,ADTxGCT,10,GCT,4,4/24/25,6,25.61,,9.42
BK95,F,18.5,13,4/18/25,ADTxGCT,10,GCT,5,4/24/25,6,17.36,,14.62
DB346,M,20.8,14,4/18/25,BLT,10,BLT,1,4/21/25,3,2.94,,1.19
DB346,M,20.8,14,4/18/25,BLT,10,BLT,2,4/22/25,4,2.55,,0.75
DB346,M,20.8,14,4/18/25,BLT,10,BLT,3,4/22/25,4,4.09,,1.76
DB346,M,20.8,14,4/18/25,BLT,10,BLT,4,4/22/25,4,5.31,1,
DB346,M,20.8,14,4/18/25,BLT,10,BLT,5,4/22/25,4,5.54,,2.43
DB346,M,20.8,14,4/18/25,BLT,10,BLT,6,4/22/25,4,4.58,,1.96
DB346,M,20.8,14,4/18/25,BLT,10,BLT,7,4/22/25,4,2.33,,1.08
DB346,M,20.8,14,4/18/25,BLT,10,BLT,8,4/23/25,5,4.4,,1.47
DB346,M,20.8,14,4/18/25,BLT,10,BLT,9,4/23/25,5,4.65,,2.18
DB346,M,20.8,14,4/18/25,BLT,10,BLT,10,4/23/25,5,4.43,,1.93
DB358,M,30.1,14,4/18/25,ADT,10,ADT,1,4/22/25,4,15.32,,7.62
DB358,M,30.1,14,4/18/25,ADT,10,ADT,2,4/22/25,4,9.91,,4.33
DB358,M,30.1,14,4/18/25,ADT,10,ADT,3,4/23/25,5,11.14,,4.86
DB358,M,30.1,14,4/18/25,ADT,10,ADT,4,4/23/25,5,19.16,1,
DB358,M,30.1,14,4/18/25,ADT,10,ADT,5,4/23/25,5,17.07,,8.19
DB358,M,30.1,14,4/18/25,ADT,10,ADT,6,4/23/25,5,18.12,,8.15
DB358,M,30.1,14,4/18/25,ADT,10,ADT,7,4/23/25,5,15.25,,5.75
DB358,M,30.1,14,4/18/25,ADT,10,ADT,8,4/23/25,5,17.31,,8.56
DB358,M,30.1,14,4/18/25,ADT,10,ADT,9,4/23/25,5,17.22,,7.68
DB358,M,30.1,14,4/18/25,ADT,10,ADT,10,4/23/25,5,20.47,,9.9
DB347,M,17.6,14,4/18/25,GCT,10,GCT,1,4/25/25,7,20.07,,9.95
DB347,M,17.6,14,4/18/25,GCT,10,GCT,2,4/25/25,7,16.87,,8.05
DB347,M,17.6,14,4/18/25,GCT,10,GCT,3,4/25/25,7,12.77,,6.08
DB347,M,17.6,14,4/18/25,GCT,10,GCT,4,4/24/25,6,21.99,,10.7
DB347,M,17.6,14,4/18/25,GCT,10,GCT,5,4/24/25,6,11.99,,5.88
DB347,M,17.6,14,4/18/25,GCT,10,GCT,6,4/24/25,6,13.29,,6.45
DB347,M,17.6,14,4/18/25,GCT,10,GCT,7,4/24/25,6,18.31,,8.57
DB347,M,17.6,14,4/18/25,GCT,10,GCT,8,4/24/25,6,17.81,,8.63
DB347,M,17.6,14,4/18/25,GCT,10,GCT,9,4/24/25,6,20.7,,9.46
DB347,M,17.6,14,4/18/25,GCT,10,GCT,10,4/24/25,6,13.1,,6.3
DB338,M,18.3,14,4/18/25,BLTxADT,10,BLT,1,4/21/25,3,2.7,,1.11
DB338,M,18.3,14,4/18/25,BLTxADT,10,BLT,2,4/22/25,4,2.95,,1.25
DB338,M,18.3,14,4/18/25,BLTxADT,10,BLT,3,4/22/25,4,2.01,,0.79
DB338,M,18.3,14,4/18/25,BLTxADT,10,BLT,4,4/23/25,5,2.37,,1.09
DB338,M,18.3,14,4/18/25,BLTxADT,10,ADT,1,4/22/25,4,12.76,,6.17
DB338,M,18.3,14,4/18/25,BLTxADT,10,ADT,2,4/23/25,5,11.47,,3.87
DB338,M,18.3,14,4/18/25,BLTxADT,10,ADT,3,4/23/25,5,11.89,1,
DB338,M,18.3,14,4/18/25,BLTxADT,10,ADT,4,4/23/25,5,17.69,1,
DB338,M,18.3,14,4/18/25,BLTxADT,10,ADT,5,4/23/25,5,20.36,1,
DB337,M,19.9,14,4/18/25,BLTxGCT,10,BLT,1,4/22/25,4,5.54,,2.18
DB337,M,19.9,14,4/18/25,BLTxGCT,10,BLT,2,4/22/25,4,2.67,,1.3
DB337,M,19.9,14,4/18/25,BLTxGCT,10,BLT,3,4/22/25,4,2.88,,1.14
DB337,M,19.9,14,4/18/25,BLTxGCT,10,BLT,4,4/22/25,4,2.51,,1.09
DB337,M,19.9,14,4/18/25,BLTxGCT,10,GCT,1,4/25/25,7,16.73,,8.14
DB337,M,19.9,14,4/18/25,BLTxGCT,10,GCT,2,4/25/25,7,16.79,,8.05
DB337,M,19.9,14,4/18/25,BLTxGCT,10,GCT,3,4/25/25,7,20.2,,9.67
DB337,M,19.9,14,4/18/25,BLTxGCT,10,GCT,4,4/25/25,7,21.08,,10.02
DB337,M,19.9,14,4/18/25,BLTxGCT,10,GCT,5,4/25/25,7,21.1,,10.42
DB359,M,34.8,14,4/18/25,ADTxGCT,10,ADT,1,4/23/25,5,18.25,1,
DB359,M,34.8,14,4/18/25,ADTxGCT,10,ADT,2,4/23/25,5,15.56,1,
DB359,M,34.8,14,4/18/25,ADTxGCT,10,ADT,3,4/23/25,5,18.68,,7.48
DB359,M,34.8,14,4/18/25,ADTxGCT,10,ADT,4,4/23/25,5,12.12,1,
DB359,M,34.8,14,4/18/25,ADTxGCT,10,GCT,1,4/25/25,7,17.18,,8.89
DB359,M,34.8,14,4/18/25,ADTxGCT,10,GCT,2,4/25/25,7,13.69,,6.09
DB359,M,34.8,14,4/18/25,ADTxGCT,10,GCT,3,4/24/25,6,16.08,,7.3
DB359,M,34.8,14,4/18/25,ADTxGCT,10,GCT,4,4/24/25,6,22.23,,10.59
DB359,M,34.8,14,4/18/25,ADTxGCT,10,GCT,5,4/24/25,6,13.86,,7.04
DB348,M,18.3,15,4/25/25,BLTxADTxGCT,12,BLT,1,4/29/25,4,2.28,,0.87
DB348,M,18.3,15,4/25/25,BLTxADTxGCT,12,BLT,2,4/29/25,4,2.1,,0.85
DB348,M,18.3,15,4/25/25,BLTxADTxGCT,12,BLT,3,4/29/25,4,4.35,,1.86
DB348,M,18.3,15,4/25/25,BLTxADTxGCT,12,BLT,4,4/29/25,4,2.04,,0.79
DB348,M,18.3,15,4/25/25,BLTxADTxGCT,12,ADT,1,4/29/25,,17.53,,9.28
DB348,M,18.3,15,4/25/25,BLTxADTxGCT,12,ADT,2,4/30/25,,14.28,,7.65
DB348,M,18.3,15,4/25/25,BLTxADTxGCT,12,GCT,1,5/1/25,6,18.71,,9.04
DB348,M,18.3,15,4/25/25,BLTxADTxGCT,12,GCT,2,5/2/25,7,13.19,,6.84
DB348,M,18.3,15,4/25/25,BLTxADTxGCT,12,GCT,3,5/2/25,7,16.68,,9.55
DB348,M,18.3,15,4/25/25,BLTxADTxGCT,12,GCT,4,5/2/25,7,23.64,,14.5
DB349,M,20.3,15,4/25/25,BLTxADTxGCT,12,BLT,1,4/29/25,4,4.4,,1.92
DB349,M,20.3,15,4/25/25,BLTxADTxGCT,12,BLT,2,4/29/25,4,2.21,,1.09
DB349,M,20.3,15,4/25/25,BLTxADTxGCT,12,ADT,1,4/29/25,4,19.21,,9.81
DB349,M,20.3,15,4/25/25,BLTxADTxGCT,12,ADT,2,4/29/25,4,16.03,,8.25
DB349,M,20.3,15,4/25/25,BLTxADTxGCT,12,ADT,3,4/29/25,4,15.66,,8.03
DB349,M,20.3,15,4/25/25,BLTxADTxGCT,12,ADT,4,4/30/25,5,15.37,,7.05
DB349,M,20.3,15,4/25/25,BLTxADTxGCT,12,GCT,1,5/1/25,6,22.65,,12.38
DB349,M,20.3,15,4/25/25,BLTxADTxGCT,12,GCT,2,5/1/25,6,20.17,,12.44
DB349,M,20.3,15,4/25/25,BLTxADTxGCT,12,GCT,3,5/2/25,7,25.1,,13.31
DB349,M,20.3,15,4/25/25,BLTxADTxGCT,12,GCT,4,5/2/25,7,20.21,,13.21
DB350,M,21.1,15,4/25/25,BLTxADTxGCT,12,BLT,1,4/28/25,3,2.76,,1.14
DB350,M,21.1,15,4/25/25,BLTxADTxGCT,12,ADT,1,4/28/25,3,16.25,,7.58
DB350,M,21.1,15,4/25/25,BLTxADTxGCT,12,ADT,2,4/29/25,4,18.67,,9.34
DB350,M,21.1,15,4/25/25,BLTxADTxGCT,12,ADT,3,4/29/25,4,16.28,1,
DB350,M,21.1,15,4/25/25,BLTxADTxGCT,12,ADT,4,4/29/25,4,17.47,,8.77
DB350,M,21.1,15,4/25/25,BLTxADTxGCT,12,GCT,1,4/30/25,5,22.54,,10.66
DB350,M,21.1,15,4/25/25,BLTxADTxGCT,12,GCT,2,5/2/25,7,22.5,,15.1
DB350,M,21.1,15,4/25/25,BLTxADTxGCT,12,GCT,3,5/2/25,7,17.36,,10.52
DB350,M,21.1,15,4/25/25,BLTxADTxGCT,12,GCT,4,5/1/25,6,22.84,,12.73
DB362,M,22.3,15,4/25/25,BLTxADTxGCT,12,BLT,1,4/28/25,3,4.61,,1.71
DB362,M,22.3,15,4/25/25,BLTxADTxGCT,12,BLT,2,4/28/25,3,2.7,,0.96
DB362,M,22.3,15,4/25/25,BLTxADTxGCT,12,BLT,3,4/28/25,3,2.54,,0.97
DB362,M,22.3,15,4/25/25,BLTxADTxGCT,12,ADT,1,4/29/25,4,20.18,,10.74
DB362,M,22.3,15,4/25/25,BLTxADTxGCT,12,ADT,2,4/29/25,4,17.36,,8.85
DB362,M,22.3,15,4/25/25,BLTxADTxGCT,12,ADT,3,4/29/25,4,12.88,,6.22
DB362,M,22.3,15,4/25/25,BLTxADTxGCT,12,ADT,4,4/29/25,4,15.02,,7.58
DB362,M,22.3,15,4/25/25,BLTxADTxGCT,12,GCT,1,5/1/25,6,17.91,,10.97
DB362,M,22.3,15,4/25/25,BLTxADTxGCT,12,GCT,2,5/1/25,6,2.31,1,
DB362,M,22.3,15,4/25/25,BLTxADTxGCT,12,GCT,3,5/1/25,6,24.71,,19.04
DB362,M,22.3,15,4/25/25,BLTxADTxGCT,12,GCT,4,5/1/25,6,23.47,,14.47
DB367,M,27.4,15,4/25/25,BLTxADTxGCT,12,BLT,1,4/29/25,4,2.25,,1.2
DB367,M,27.4,15,4/25/25,BLTxADTxGCT,12,BLT,2,4/29/25,4,2.44,,1.34
DB367,M,27.4,15,4/25/25,BLTxADTxGCT,12,ADT,1,4/29/25,4,18.78,,8.62
DB367,M,27.4,15,4/25/25,BLTxADTxGCT,12,ADT,2,4/29/25,4,14.92,,7.11
DB367,M,27.4,15,4/25/25,BLTxADTxGCT,12,ADT,3,4/29/25,4,17.87,,9.91
DB367,M,27.4,15,4/25/25,BLTxADTxGCT,12,ADT,4,4/29/25,4,19.89,,8.95
DB367,M,27.4,15,4/25/25,BLTxADTxGCT,12,GCT,1,5/1/25,6,23.95,,12.6
DB367,M,27.4,15,4/25/25,BLTxADTxGCT,12,GCT,2,5/1/25,6,16.78,,8.33
DB367,M,27.4,15,4/25/25,BLTxADTxGCT,12,GCT,3,5/1/25,6,21.15,,12.28
DB367,M,27.4,15,4/25/25,BLTxADTxGCT,12,GCT,4,5/2/25,7,18.8,1,
DB368,M,27.4,15,4/25/25,BLTxADTxGCT,12,BLT,1,4/28/25,3,2.83,,1.09
DB368,M,27.4,15,4/25/25,BLTxADTxGCT,12,BLT,2,4/28/25,3,2.79,,1.29
DB368,M,27.4,15,4/25/25,BLTxADTxGCT,12,BLT,3,4/28/25,3,2.85,,1.29
DB368,M,27.4,15,4/25/25,BLTxADTxGCT,12,ADT,1,4/29/25,4,18.91,,8.25
DB368,M,27.4,15,4/25/25,BLTxADTxGCT,12,ADT,2,4/29/25,4,16.65,,8.35
DB368,M,27.4,15,4/25/25,BLTxADTxGCT,12,ADT,3,4/29/25,4,16.09,,8.11
DB368,M,27.4,15,4/25/25,BLTxADTxGCT,12,ADT,4,4/29/25,4,20.2,,10.14
DB368,M,27.4,15,4/25/25,BLTxADTxGCT,12,GCT,1,4/30/25,5,23.82,,13
DB368,M,27.4,15,4/25/25,BLTxADTxGCT,12,GCT,2,5/1/25,6,21.16,,11.54
DB368,M,27.4,15,4/25/25,BLTxADTxGCT,12,GCT,3,5/2/25,7,17.76,,11.58
DB368,M,27.4,15,4/25/25,BLTxADTxGCT,12,GCT,4,5/2/25,7,21.72,,14.3
DB369,M,17.5,15,4/25/25,BLTxADTxGCT,12,BLT,1,4/28/25,3,5.61,,2.14
DB369,M,17.5,15,4/25/25,BLTxADTxGCT,12,BLT,2,4/28/25,3,4.97,1,
DB369,M,17.5,15,4/25/25,BLTxADTxGCT,12,ADT,1,4/29/25,4,19.2,,9.48
DB369,M,17.5,15,4/25/25,BLTxADTxGCT,12,ADT,2,4/29/25,4,20.77,,10.21
DB369,M,17.5,15,4/25/25,BLTxADTxGCT,12,ADT,3,4/29/25,4,16.37,,7.97
DB369,M,17.5,15,4/25/25,BLTxADTxGCT,12,ADT,4,4/29/25,4,21.46,,10.55
DB369,M,17.5,15,4/25/25,BLTxADTxGCT,12,GCT,1,5/1/25,6,20.93,,13.42
DB369,M,17.5,15,4/25/25,BLTxADTxGCT,12,GCT,2,5/1/25,6,17,,12.24
DB369,M,17.5,15,4/25/25,BLTxADTxGCT,12,GCT,3,5/1/25,6,15.61,,8.84
DB369,M,17.5,15,4/25/25,BLTxADTxGCT,12,GCT,4,5/2/25,7,6.78,,3.66
BK101,F,20.6,15,4/25/25,BLTxADTxGCT,12,BLT,1,4/29/25,4,5.79,,2.23
BK101,F,20.6,15,4/25/25,BLTxADTxGCT,12,BLT,2,4/29/25,4,5.04,,1.93
BK101,F,20.6,15,4/25/25,BLTxADTxGCT,12,BLT,3,4/29/25,4,4.77,,1.94
BK101,F,20.6,15,4/25/25,BLTxADTxGCT,12,BLT,4,4/29/25,4,5.03,,2.05
BK101,F,20.6,15,4/25/25,BLTxADTxGCT,12,ADT,1,4/30/25,5,16.38,1,
BK101,F,20.6,15,4/25/25,BLTxADTxGCT,12,ADT,2,4/30/25,5,19.83,,10.13
BK101,F,20.6,15,4/25/25,BLTxADTxGCT,12,ADT,3,4/30/25,5,20.6,,10.39
BK101,F,20.6,15,4/25/25,BLTxADTxGCT,12,ADT,4,4/29/25,4,16.4,,8.77
BK101,F,20.6,15,4/25/25,BLTxADTxGCT,12,GCT,1,5/1/25,6,24.24,,15.25
BK101,F,20.6,15,4/25/25,BLTxADTxGCT,12,GCT,2,5/1/25,6,22.24,,11.74
BK101,F,20.6,15,4/25/25,BLTxADTxGCT,12,GCT,3,5/1/25,6,21.63,,12.48
BK101,F,20.6,15,4/25/25,BLTxADTxGCT,12,GCT,4,5/2/25,7,22.42,,13.1
BK102,F,24.1,15,4/25/25,BLTxADTxGCT,12,BLT,1,4/28/25,3,5.08,,1.86
BK102,F,24.1,15,4/25/25,BLTxADTxGCT,12,BLT,2,4/28/25,3,2.86,,0.99
BK102,F,24.1,15,4/25/25,BLTxADTxGCT,12,BLT,3,4/29/25,4,4.99,1,
BK102,F,24.1,15,4/25/25,BLTxADTxGCT,12,BLT,4,4/29/25,4,2.64,,1.21
BK102,F,24.1,15,4/25/25,BLTxADTxGCT,12,ADT,1,4/29/25,4,13.27,,6.64
BK102,F,24.1,15,4/25/25,BLTxADTxGCT,12,ADT,2,4/29/25,4,20.89,,10.73
BK102,F,24.1,15,4/25/25,BLTxADTxGCT,12,ADT,3,4/29/25,4,15.51,,7.13
BK102,F,24.1,15,4/25/25,BLTxADTxGCT,12,ADT,4,4/29/25,4,13.85,,6.58
BK102,F,24.1,15,4/25/25,BLTxADTxGCT,12,GCT,1,5/2/25,7,22.01,,12.52
BK102,F,24.1,15,4/25/25,BLTxADTxGCT,12,GCT,2,5/2/25,7,18.39,,11.84
BK102,F,24.1,15,4/25/25,BLTxADTxGCT,12,GCT,3,5/2/25,7,19.82,,12.78
BK102,F,24.1,15,4/25/25,BLTxADTxGCT,12,GCT,4,5/2/25,7,20.09,,10.94
BK103,F,17.2,15,4/25/25,BLTxADTxGCT,12,BLT,1,4/28/25,3,5.02,,1.93
BK103,F,17.2,15,4/25/25,BLTxADTxGCT,12,BLT,2,4/28/25,3,2.72,,0.97
BK103,F,17.2,15,4/25/25,BLTxADTxGCT,12,BLT,3,4/29/25,4,2.58,,0.97
BK103,F,17.2,15,4/25/25,BLTxADTxGCT,12,BLT,4,4/29/25,4,5.34,,2.22
BK103,F,17.2,15,4/25/25,BLTxADTxGCT,12,ADT,1,4/29/25,4,16.35,,8.14
BK103,F,17.2,15,4/25/25,BLTxADTxGCT,12,ADT,2,4/30/25,5,18.04,1,
BK103,F,17.2,15,4/25/25,BLTxADTxGCT,12,ADT,3,4/30/25,5,17.16,,9.5
BK103,F,17.2,15,4/25/25,BLTxADTxGCT,12,ADT,4,4/30/25,5,18.14,,9.36
BK103,F,17.2,15,4/25/25,BLTxADTxGCT,12,GCT,1,5/2/25,7,21.69,,12.52
BK103,F,17.2,15,4/25/25,BLTxADTxGCT,12,GCT,2,5/2/25,7,14.79,,8.7
BK103,F,17.2,15,4/25/25,BLTxADTxGCT,12,GCT,3,5/2/25,7,20.17,,12.23
BK103,F,17.2,15,4/25/25,BLTxADTxGCT,12,GCT,4,5/2/25,7,13.64,,8.5
BK117,F,19.3,15,4/25/25,BLTxADTxGCT,12,BLT,1,4/28/25,3,4.66,,1.85
BK117,F,19.3,15,4/25/25,BLTxADTxGCT,12,BLT,2,4/28/25,3,4.88,,1.79
BK117,F,19.3,15,4/25/25,BLTxADTxGCT,12,BLT,3,4/28/25,3,2.6,,0.96
BK117,F,19.3,15,4/25/25,BLTxADTxGCT,12,ADT,1,4/29/25,4,20.88,,10.52
BK117,F,19.3,15,4/25/25,BLTxADTxGCT,12,ADT,2,4/29/25,4,17.15,,10.22
BK117,F,19.3,15,4/25/25,BLTxADTxGCT,12,ADT,3,4/29/25,4,19.77,,9.96
BK117,F,19.3,15,4/25/25,BLTxADTxGCT,12,ADT,4,4/29/25,4,22.79,,11.72
BK117,F,19.3,15,4/25/25,BLTxADTxGCT,12,GCT,1,5/1/25,6,15.63,,8.85
BK117,F,19.3,15,4/25/25,BLTxADTxGCT,12,GCT,2,5/2/25,7,22.07,,15.53
BK117,F,19.3,15,4/25/25,BLTxADTxGCT,12,GCT,3,5/2/25,7,25.12,,14.25
BK117,F,19.3,15,4/25/25,BLTxADTxGCT,12,GCT,4,5/2/25,7,25.04,,15.56
BK118,F,17.7,15,4/25/25,BLTxADTxGCT,12,BLT,1,4/28/25,3,2.93,,1.09
BK118,F,17.7,15,4/25/25,BLTxADTxGCT,12,BLT,2,4/29/25,4,4.59,,1.89
BK118,F,17.7,15,4/25/25,BLTxADTxGCT,12,BLT,3,4/29/25,4,3.87,,1.64
BK118,F,17.7,15,4/25/25,BLTxADTxGCT,12,BLT,4,4/30/25,5,3.43,,1.53
BK118,F,17.7,15,4/25/25,BLTxADTxGCT,12,ADT,1,4/29/25,4,18.12,,9.24
BK118,F,17.7,15,4/25/25,BLTxADTxGCT,12,ADT,2,4/29/25,4,18.41,,8.71
BK118,F,17.7,15,4/25/25,BLTxADTxGCT,12,ADT,3,4/29/25,4,18.98,,9.43
BK118,F,17.7,15,4/25/25,BLTxADTxGCT,12,ADT,4,4/29/25,4,20.05,,10.38
BK118,F,17.7,15,4/25/25,BLTxADTxGCT,12,GCT,1,5/1/25,6,26.37,,18.74
BK118,F,17.7,15,4/25/25,BLTxADTxGCT,12,GCT,2,5/2/25,7,24.19,,14.99
BK118,F,17.7,15,4/25/25,BLTxADTxGCT,12,GCT,3,5/2/25,7,17.76,,9.57
BK118,F,17.7,15,4/25/25,BLTxADTxGCT,12,GCT,4,5/2/25,7,16.3,,9.82
BK119,F,19.4,15,4/25/25,BLTxADTxGCT,12,BLT,1,4/29/25,4,2.03,,0.81
BK119,F,19.4,15,4/25/25,BLTxADTxGCT,12,BLT,2,4/29/25,4,4.18,,1.9
BK119,F,19.4,15,4/25/25,BLTxADTxGCT,12,BLT,3,4/29/25,4,5.33,,2.17
BK119,F,19.4,15,4/25/25,BLTxADTxGCT,12,BLT,4,4/29/25,4,2.33,,0.91
BK119,F,19.4,15,4/25/25,BLTxADTxGCT,12,ADT,1,4/29/25,4,14.81,,7.33
BK119,F,19.4,15,4/25/25,BLTxADTxGCT,12,ADT,2,4/29/25,4,19.22,,9.5
BK119,F,19.4,15,4/25/25,BLTxADTxGCT,12,ADT,3,4/30/25,5,10,,4.86
BK119,F,19.4,15,4/25/25,BLTxADTxGCT,12,ADT,4,4/30/25,5,16.55,,6.46
BK119,F,19.4,15,4/25/25,BLTxADTxGCT,12,GCT,1,5/1/25,6,19.77,,11.23
BK119,F,19.4,15,4/25/25,BLTxADTxGCT,12,GCT,2,5/1/25,6,13.89,,7.31
BK119,F,19.4,15,4/25/25,BLTxADTxGCT,12,GCT,3,5/2/25,7,21.29,,12.63
BK119,F,19.4,15,4/25/25,BLTxADTxGCT,12,GCT,4,5/2/25,7,18.85,,12.61
BK131,F,15.9,15,4/25/25,BLTxADTxGCT,12,BLT,1,4/29/25,4,4.57,,2.02
BK131,F,15.9,15,4/25/25,BLTxADTxGCT,12,BLT,2,4/29/25,4,2.5,,1.22
BK131,F,15.9,15,4/25/25,BLTxADTxGCT,12,ADT,1,4/29/25,4,17.55,,8.33
BK131,F,15.9,15,4/25/25,BLTxADTxGCT,12,ADT,2,4/29/25,4,16.72,,8.91
BK131,F,15.9,15,4/25/25,BLTxADTxGCT,12,ADT,3,4/29/25,4,18.18,,8.75
BK131,F,15.9,15,4/25/25,BLTxADTxGCT,12,ADT,4,4/30/25,5,10.39,,4.52
BK131,F,15.9,15,4/25/25,BLTxADTxGCT,12,GCT,1,4/30/25,5,17.17,,8.67
BK131,F,15.9,15,4/25/25,BLTxADTxGCT,12,GCT,2,5/1/25,6,15.44,,8.26
BK131,F,15.9,15,4/25/25,BLTxADTxGCT,12,GCT,3,5/1/25,6,21.1,,12.35
BK131,F,15.9,15,4/25/25,BLTxADTxGCT,12,GCT,4,5/2/25,7,21.31,,11.87
,,,,,,,,,,,,,
,,,,,,,,,,,,,
,,,,,,,,,,,,,
,,,,,,,,,,,,,
,,,,,,,,,,,,,
,,,,,,,,,,,,,
,,,,,,,,,,,,,
,,,,,,,,,,,,,
,,,,,,,,,,,,,
,,,,,,,,,,,,,
,,,,,,,,,,,,,
,,,,,,,,,,,,,